store,item,date,predicted_sales
1,1,2018-01-01,14.46
1,2,2018-01-01,37.08
1,3,2018-01-01,20.73
1,4,2018-01-01,13.18
1,5,2018-01-01,11.5
1,6,2018-01-01,34.5
1,7,2018-01-01,34.91
1,8,2018-01-01,45.62
1,9,2018-01-01,30.07
1,10,2018-01-01,45.07
1,11,2018-01-01,41.52
1,12,2018-01-01,41.22
1,13,2018-01-01,47.35
1,14,2018-01-01,35.7
1,15,2018-01-01,52.35
1,16,2018-01-01,17.28
1,17,2018-01-01,19.93
1,18,2018-01-01,51.33
1,19,2018-01-01,24.41
1,20,2018-01-01,29.07
1,21,2018-01-01,22.5
1,22,2018-01-01,48.1
1,23,2018-01-01,18.29
1,24,2018-01-01,35.43
1,25,2018-01-01,47.57
1,26,2018-01-01,31.57
1,27,2018-01-01,13.83
1,28,2018-01-01,49.95
1,29,2018-01-01,42.37
1,30,2018-01-01,24.0
1,31,2018-01-01,34.09
1,32,2018-01-01,24.64
1,33,2018-01-01,42.46
1,34,2018-01-01,15.75
1,35,2018-01-01,39.19
1,36,2018-01-01,46.13
1,37,2018-01-01,14.16
1,38,2018-01-01,47.71
1,39,2018-01-01,26.08
1,40,2018-01-01,18.05
1,41,2018-01-01,13.62
1,42,2018-01-01,18.0
1,43,2018-01-01,28.35
1,44,2018-01-01,18.02
1,45,2018-01-01,48.09
1,46,2018-01-01,34.0
1,47,2018-01-01,11.92
1,48,2018-01-01,31.86
1,49,2018-01-01,17.59
1,50,2018-01-01,36.93
2,1,2018-01-01,18.31
2,2,2018-01-01,49.29
2,3,2018-01-01,31.11
2,4,2018-01-01,19.42
2,5,2018-01-01,15.76
2,6,2018-01-01,46.27
2,7,2018-01-01,49.11
2,8,2018-01-01,63.73
2,9,2018-01-01,41.78
2,10,2018-01-01,56.96
2,11,2018-01-01,56.86
2,12,2018-01-01,57.07
2,13,2018-01-01,71.42
2,14,2018-01-01,49.46
2,15,2018-01-01,71.07
2,16,2018-01-01,19.0
2,17,2018-01-01,26.43
2,18,2018-01-01,67.46
2,19,2018-01-01,32.78
2,20,2018-01-01,39.67
2,21,2018-01-01,34.83
2,22,2018-01-01,64.68
2,23,2018-01-01,25.51
2,24,2018-01-01,50.88
2,25,2018-01-01,67.43
2,26,2018-01-01,41.7
2,27,2018-01-01,19.09
2,28,2018-01-01,73.65
2,29,2018-01-01,59.82
2,30,2018-01-01,35.29
2,31,2018-01-01,49.92
2,32,2018-01-01,40.9
2,33,2018-01-01,54.26
2,34,2018-01-01,21.8
2,35,2018-01-01,53.62
2,36,2018-01-01,64.91
2,37,2018-01-01,24.74
2,38,2018-01-01,66.12
2,39,2018-01-01,36.31
2,40,2018-01-01,26.47
2,41,2018-01-01,18.21
2,42,2018-01-01,34.05
2,43,2018-01-01,44.24
2,44,2018-01-01,23.7
2,45,2018-01-01,71.03
2,46,2018-01-01,48.58
2,47,2018-01-01,18.55
2,48,2018-01-01,39.36
2,49,2018-01-01,25.49
2,50,2018-01-01,52.33
3,1,2018-01-01,15.51
3,2,2018-01-01,44.8
3,3,2018-01-01,26.78
3,4,2018-01-01,16.17
3,5,2018-01-01,14.59
3,6,2018-01-01,41.17
3,7,2018-01-01,42.6
3,8,2018-01-01,54.49
3,9,2018-01-01,40.76
3,10,2018-01-01,49.38
3,11,2018-01-01,54.43
3,12,2018-01-01,53.2
3,13,2018-01-01,64.64
3,14,2018-01-01,43.59
3,15,2018-01-01,62.7
3,16,2018-01-01,20.45
3,17,2018-01-01,23.69
3,18,2018-01-01,60.18
3,19,2018-01-01,27.79
3,20,2018-01-01,36.81
3,21,2018-01-01,30.58
3,22,2018-01-01,60.02
3,23,2018-01-01,22.23
3,24,2018-01-01,56.36
3,25,2018-01-01,59.93
3,26,2018-01-01,33.93
3,27,2018-01-01,16.71
3,28,2018-01-01,59.2
3,29,2018-01-01,53.49
3,30,2018-01-01,31.35
3,31,2018-01-01,41.69
3,32,2018-01-01,36.14
3,33,2018-01-01,53.12
3,34,2018-01-01,18.85
3,35,2018-01-01,51.82
3,36,2018-01-01,59.42
3,37,2018-01-01,21.39
3,38,2018-01-01,58.64
3,39,2018-01-01,32.96
3,40,2018-01-01,24.28
3,41,2018-01-01,17.33
3,42,2018-01-01,27.46
3,43,2018-01-01,36.5
3,44,2018-01-01,21.7
3,45,2018-01-01,61.27
3,46,2018-01-01,45.95
3,47,2018-01-01,16.49
3,48,2018-01-01,39.27
3,49,2018-01-01,22.78
3,50,2018-01-01,50.2
4,1,2018-01-01,15.12
4,2,2018-01-01,40.33
4,3,2018-01-01,28.72
4,4,2018-01-01,17.11
4,5,2018-01-01,12.96
4,6,2018-01-01,39.17
4,7,2018-01-01,41.08
4,8,2018-01-01,51.12
4,9,2018-01-01,36.53
4,10,2018-01-01,50.46
4,11,2018-01-01,51.6
4,12,2018-01-01,50.52
4,13,2018-01-01,61.92
4,14,2018-01-01,41.93
4,15,2018-01-01,59.38
4,16,2018-01-01,15.76
4,17,2018-01-01,20.28
4,18,2018-01-01,59.23
4,19,2018-01-01,30.25
4,20,2018-01-01,32.26
4,21,2018-01-01,28.61
4,22,2018-01-01,56.7
4,23,2018-01-01,19.28
4,24,2018-01-01,44.55
4,25,2018-01-01,57.7
4,26,2018-01-01,31.43
4,27,2018-01-01,15.46
4,28,2018-01-01,57.1
4,29,2018-01-01,48.02
4,30,2018-01-01,27.29
4,31,2018-01-01,43.19
4,32,2018-01-01,31.18
4,33,2018-01-01,47.21
4,34,2018-01-01,18.19
4,35,2018-01-01,43.53
4,36,2018-01-01,56.39
4,37,2018-01-01,17.46
4,38,2018-01-01,55.9
4,39,2018-01-01,30.48
4,40,2018-01-01,19.06
4,41,2018-01-01,15.37
4,42,2018-01-01,24.81
4,43,2018-01-01,35.38
4,44,2018-01-01,19.19
4,45,2018-01-01,54.63
4,46,2018-01-01,41.65
4,47,2018-01-01,16.63
4,48,2018-01-01,37.09
4,49,2018-01-01,18.61
4,50,2018-01-01,44.25
5,1,2018-01-01,12.12
5,2,2018-01-01,28.33
5,3,2018-01-01,19.63
5,4,2018-01-01,9.27
5,5,2018-01-01,9.57
5,6,2018-01-01,28.02
5,7,2018-01-01,28.38
5,8,2018-01-01,37.7
5,9,2018-01-01,25.03
5,10,2018-01-01,38.13
5,11,2018-01-01,36.25
5,12,2018-01-01,34.07
5,13,2018-01-01,40.95
5,14,2018-01-01,33.38
5,15,2018-01-01,45.38
5,16,2018-01-01,11.73
5,17,2018-01-01,17.89
5,18,2018-01-01,43.49
5,19,2018-01-01,18.33
5,20,2018-01-01,24.57
5,21,2018-01-01,20.47
5,22,2018-01-01,42.4
5,23,2018-01-01,15.16
5,24,2018-01-01,32.48
5,25,2018-01-01,39.94
5,26,2018-01-01,21.62
5,27,2018-01-01,10.57
5,28,2018-01-01,48.37
5,29,2018-01-01,33.34
5,30,2018-01-01,20.01
5,31,2018-01-01,28.97
5,32,2018-01-01,23.13
5,33,2018-01-01,31.92
5,34,2018-01-01,11.74
5,35,2018-01-01,33.34
5,36,2018-01-01,38.83
5,37,2018-01-01,14.45
5,38,2018-01-01,42.88
5,39,2018-01-01,23.22
5,40,2018-01-01,13.36
5,41,2018-01-01,12.38
5,42,2018-01-01,17.66
5,43,2018-01-01,24.57
5,44,2018-01-01,14.73
5,45,2018-01-01,42.3
5,46,2018-01-01,31.11
5,47,2018-01-01,11.08
5,48,2018-01-01,28.44
5,49,2018-01-01,13.75
5,50,2018-01-01,32.14
6,1,2018-01-01,10.6
6,2,2018-01-01,30.99
6,3,2018-01-01,19.97
6,4,2018-01-01,9.31
6,5,2018-01-01,8.08
6,6,2018-01-01,27.21
6,7,2018-01-01,29.57
6,8,2018-01-01,39.94
6,9,2018-01-01,28.72
6,10,2018-01-01,37.32
6,11,2018-01-01,35.03
6,12,2018-01-01,38.3
6,13,2018-01-01,45.14
6,14,2018-01-01,29.66
6,15,2018-01-01,43.06
6,16,2018-01-01,12.7
6,17,2018-01-01,17.25
6,18,2018-01-01,42.13
6,19,2018-01-01,19.93
6,20,2018-01-01,24.85
6,21,2018-01-01,19.42
6,22,2018-01-01,37.23
6,23,2018-01-01,13.76
6,24,2018-01-01,31.06
6,25,2018-01-01,43.14
6,26,2018-01-01,24.36
6,27,2018-01-01,11.72
6,28,2018-01-01,43.28
6,29,2018-01-01,32.32
6,30,2018-01-01,18.96
6,31,2018-01-01,27.63
6,32,2018-01-01,23.08
6,33,2018-01-01,33.89
6,34,2018-01-01,13.59
6,35,2018-01-01,31.89
6,36,2018-01-01,39.85
6,37,2018-01-01,15.13
6,38,2018-01-01,41.54
6,39,2018-01-01,23.08
6,40,2018-01-01,14.91
6,41,2018-01-01,11.08
6,42,2018-01-01,17.09
6,43,2018-01-01,25.41
6,44,2018-01-01,14.86
6,45,2018-01-01,39.61
6,46,2018-01-01,30.32
6,47,2018-01-01,11.39
6,48,2018-01-01,24.48
6,49,2018-01-01,13.06
6,50,2018-01-01,35.94
7,1,2018-01-01,10.67
7,2,2018-01-01,25.1
7,3,2018-01-01,15.66
7,4,2018-01-01,9.95
7,5,2018-01-01,8.08
7,6,2018-01-01,27.26
7,7,2018-01-01,30.07
7,8,2018-01-01,38.84
7,9,2018-01-01,21.64
7,10,2018-01-01,34.17
7,11,2018-01-01,33.09
7,12,2018-01-01,34.02
7,13,2018-01-01,37.91
7,14,2018-01-01,27.45
7,15,2018-01-01,38.87
7,16,2018-01-01,11.41
7,17,2018-01-01,16.51
7,18,2018-01-01,39.87
7,19,2018-01-01,17.84
7,20,2018-01-01,21.41
7,21,2018-01-01,17.82
7,22,2018-01-01,38.4
7,23,2018-01-01,12.06
7,24,2018-01-01,32.85
7,25,2018-01-01,36.65
7,26,2018-01-01,20.81
7,27,2018-01-01,9.23
7,28,2018-01-01,41.01
7,29,2018-01-01,34.83
7,30,2018-01-01,18.38
7,31,2018-01-01,30.56
7,32,2018-01-01,20.71
7,33,2018-01-01,33.41
7,34,2018-01-01,12.28
7,35,2018-01-01,31.7
7,36,2018-01-01,36.31
7,37,2018-01-01,12.6
7,38,2018-01-01,33.24
7,39,2018-01-01,16.15
7,40,2018-01-01,13.1
7,41,2018-01-01,10.6
7,42,2018-01-01,17.2
7,43,2018-01-01,25.37
7,44,2018-01-01,14.17
7,45,2018-01-01,37.69
7,46,2018-01-01,24.95
7,47,2018-01-01,9.42
7,48,2018-01-01,24.17
7,49,2018-01-01,13.16
7,50,2018-01-01,30.24
8,1,2018-01-01,18.25
8,2,2018-01-01,51.39
8,3,2018-01-01,31.57
8,4,2018-01-01,16.51
8,5,2018-01-01,16.09
8,6,2018-01-01,48.2
8,7,2018-01-01,48.51
8,8,2018-01-01,58.0
8,9,2018-01-01,43.03
8,10,2018-01-01,55.91
8,11,2018-01-01,55.5
8,12,2018-01-01,55.54
8,13,2018-01-01,66.26
8,14,2018-01-01,47.25
8,15,2018-01-01,72.8
8,16,2018-01-01,18.24
8,17,2018-01-01,26.81
8,18,2018-01-01,64.2
8,19,2018-01-01,34.17
8,20,2018-01-01,42.1
8,21,2018-01-01,35.76
8,22,2018-01-01,62.76
8,23,2018-01-01,23.09
8,24,2018-01-01,53.95
8,25,2018-01-01,64.75
8,26,2018-01-01,37.3
8,27,2018-01-01,18.05
8,28,2018-01-01,67.94
8,29,2018-01-01,55.2
8,30,2018-01-01,29.7
8,31,2018-01-01,49.7
8,32,2018-01-01,34.03
8,33,2018-01-01,54.39
8,34,2018-01-01,23.39
8,35,2018-01-01,53.9
8,36,2018-01-01,61.48
8,37,2018-01-01,23.54
8,38,2018-01-01,63.74
8,39,2018-01-01,37.52
8,40,2018-01-01,23.89
8,41,2018-01-01,19.77
8,42,2018-01-01,29.09
8,43,2018-01-01,39.36
8,44,2018-01-01,24.89
8,45,2018-01-01,58.36
8,46,2018-01-01,48.23
8,47,2018-01-01,18.22
8,48,2018-01-01,43.9
8,49,2018-01-01,24.59
8,50,2018-01-01,50.26
9,1,2018-01-01,13.95
9,2,2018-01-01,42.54
9,3,2018-01-01,25.34
9,4,2018-01-01,14.57
9,5,2018-01-01,13.49
9,6,2018-01-01,39.05
9,7,2018-01-01,42.53
9,8,2018-01-01,52.41
9,9,2018-01-01,37.75
9,10,2018-01-01,51.48
9,11,2018-01-01,50.89
9,12,2018-01-01,47.92
9,13,2018-01-01,56.32
9,14,2018-01-01,39.98
9,15,2018-01-01,57.53
9,16,2018-01-01,16.58
9,17,2018-01-01,22.46
9,18,2018-01-01,54.27
9,19,2018-01-01,30.68
9,20,2018-01-01,33.17
9,21,2018-01-01,27.13
9,22,2018-01-01,54.88
9,23,2018-01-01,22.35
9,24,2018-01-01,46.25
9,25,2018-01-01,56.85
9,26,2018-01-01,30.78
9,27,2018-01-01,15.26
9,28,2018-01-01,58.21
9,29,2018-01-01,50.52
9,30,2018-01-01,26.38
9,31,2018-01-01,40.6
9,32,2018-01-01,30.71
9,33,2018-01-01,46.05
9,34,2018-01-01,15.91
9,35,2018-01-01,48.73
9,36,2018-01-01,52.64
9,37,2018-01-01,23.11
9,38,2018-01-01,56.09
9,39,2018-01-01,31.57
9,40,2018-01-01,19.41
9,41,2018-01-01,14.94
9,42,2018-01-01,25.01
9,43,2018-01-01,39.31
9,44,2018-01-01,19.62
9,45,2018-01-01,54.08
9,46,2018-01-01,40.06
9,47,2018-01-01,16.08
9,48,2018-01-01,33.11
9,49,2018-01-01,19.54
9,50,2018-01-01,44.83
10,1,2018-01-01,15.49
10,2,2018-01-01,39.78
10,3,2018-01-01,26.35
10,4,2018-01-01,15.63
10,5,2018-01-01,13.62
10,6,2018-01-01,42.15
10,7,2018-01-01,40.63
10,8,2018-01-01,53.16
10,9,2018-01-01,36.49
10,10,2018-01-01,52.76
10,11,2018-01-01,55.5
10,12,2018-01-01,52.18
10,13,2018-01-01,58.43
10,14,2018-01-01,41.86
10,15,2018-01-01,63.1
10,16,2018-01-01,18.43
10,17,2018-01-01,25.71
10,18,2018-01-01,56.38
10,19,2018-01-01,29.2
10,20,2018-01-01,34.96
10,21,2018-01-01,29.64
10,22,2018-01-01,54.78
10,23,2018-01-01,21.81
10,24,2018-01-01,50.09
10,25,2018-01-01,58.12
10,26,2018-01-01,35.28
10,27,2018-01-01,15.76
10,28,2018-01-01,61.84
10,29,2018-01-01,52.97
10,30,2018-01-01,29.23
10,31,2018-01-01,44.34
10,32,2018-01-01,31.84
10,33,2018-01-01,51.09
10,34,2018-01-01,17.93
10,35,2018-01-01,46.81
10,36,2018-01-01,57.2
10,37,2018-01-01,22.09
10,38,2018-01-01,59.51
10,39,2018-01-01,30.58
10,40,2018-01-01,21.81
10,41,2018-01-01,15.45
10,42,2018-01-01,26.57
10,43,2018-01-01,38.18
10,44,2018-01-01,21.68
10,45,2018-01-01,58.8
10,46,2018-01-01,45.97
10,47,2018-01-01,15.15
10,48,2018-01-01,37.45
10,49,2018-01-01,22.95
10,50,2018-01-01,47.81
1,1,2018-01-02,16.27
1,2,2018-01-02,43.95
1,3,2018-01-02,23.42
1,4,2018-01-02,16.2
1,5,2018-01-02,13.13
1,6,2018-01-02,40.85
1,7,2018-01-02,43.66
1,8,2018-01-02,49.85
1,9,2018-01-02,35.33
1,10,2018-01-02,54.41
1,11,2018-01-02,48.83
1,12,2018-01-02,47.0
1,13,2018-01-02,56.7
1,14,2018-01-02,40.51
1,15,2018-01-02,61.17
1,16,2018-01-02,19.69
1,17,2018-01-02,23.34
1,18,2018-01-02,63.8
1,19,2018-01-02,27.97
1,20,2018-01-02,34.21
1,21,2018-01-02,26.37
1,22,2018-01-02,55.35
1,23,2018-01-02,21.56
1,24,2018-01-02,41.55
1,25,2018-01-02,55.68
1,26,2018-01-02,36.87
1,27,2018-01-02,15.91
1,28,2018-01-02,60.17
1,29,2018-01-02,49.74
1,30,2018-01-02,26.63
1,31,2018-01-02,38.83
1,32,2018-01-02,28.44
1,33,2018-01-02,48.87
1,34,2018-01-02,19.38
1,35,2018-01-02,45.87
1,36,2018-01-02,52.93
1,37,2018-01-02,16.81
1,38,2018-01-02,56.2
1,39,2018-01-02,30.44
1,40,2018-01-02,21.06
1,41,2018-01-02,16.74
1,42,2018-01-02,22.64
1,43,2018-01-02,34.75
1,44,2018-01-02,20.46
1,45,2018-01-02,53.72
1,46,2018-01-02,40.53
1,47,2018-01-02,13.88
1,48,2018-01-02,36.01
1,49,2018-01-02,20.33
1,50,2018-01-02,44.92
2,1,2018-01-02,20.5
2,2,2018-01-02,56.69
2,3,2018-01-02,36.11
2,4,2018-01-02,22.38
2,5,2018-01-02,18.07
2,6,2018-01-02,53.5
2,7,2018-01-02,57.57
2,8,2018-01-02,75.54
2,9,2018-01-02,48.65
2,10,2018-01-02,67.66
2,11,2018-01-02,70.31
2,12,2018-01-02,69.04
2,13,2018-01-02,80.1
2,14,2018-01-02,56.62
2,15,2018-01-02,85.07
2,16,2018-01-02,22.84
2,17,2018-01-02,31.26
2,18,2018-01-02,79.76
2,19,2018-01-02,37.84
2,20,2018-01-02,43.83
2,21,2018-01-02,38.85
2,22,2018-01-02,78.66
2,23,2018-01-02,29.19
2,24,2018-01-02,60.01
2,25,2018-01-02,80.05
2,26,2018-01-02,48.8
2,27,2018-01-02,22.1
2,28,2018-01-02,87.12
2,29,2018-01-02,67.07
2,30,2018-01-02,38.18
2,31,2018-01-02,60.2
2,32,2018-01-02,46.63
2,33,2018-01-02,65.32
2,34,2018-01-02,23.34
2,35,2018-01-02,60.03
2,36,2018-01-02,75.02
2,37,2018-01-02,29.01
2,38,2018-01-02,79.6
2,39,2018-01-02,41.55
2,40,2018-01-02,30.0
2,41,2018-01-02,21.77
2,42,2018-01-02,38.64
2,43,2018-01-02,51.77
2,44,2018-01-02,28.56
2,45,2018-01-02,80.19
2,46,2018-01-02,58.37
2,47,2018-01-02,22.19
2,48,2018-01-02,45.84
2,49,2018-01-02,29.79
2,50,2018-01-02,61.08
3,1,2018-01-02,17.77
3,2,2018-01-02,53.08
3,3,2018-01-02,31.74
3,4,2018-01-02,19.19
3,5,2018-01-02,17.16
3,6,2018-01-02,49.18
3,7,2018-01-02,50.4
3,8,2018-01-02,65.82
3,9,2018-01-02,46.68
3,10,2018-01-02,56.18
3,11,2018-01-02,63.94
3,12,2018-01-02,62.9
3,13,2018-01-02,74.43
3,14,2018-01-02,51.41
3,15,2018-01-02,74.22
3,16,2018-01-02,23.9
3,17,2018-01-02,30.36
3,18,2018-01-02,74.19
3,19,2018-01-02,34.45
3,20,2018-01-02,41.59
3,21,2018-01-02,37.09
3,22,2018-01-02,68.99
3,23,2018-01-02,24.71
3,24,2018-01-02,66.56
3,25,2018-01-02,64.27
3,26,2018-01-02,39.21
3,27,2018-01-02,19.99
3,28,2018-01-02,73.11
3,29,2018-01-02,61.65
3,30,2018-01-02,37.63
3,31,2018-01-02,47.7
3,32,2018-01-02,42.41
3,33,2018-01-02,64.83
3,34,2018-01-02,22.33
3,35,2018-01-02,59.69
3,36,2018-01-02,66.12
3,37,2018-01-02,24.06
3,38,2018-01-02,69.69
3,39,2018-01-02,40.48
3,40,2018-01-02,27.17
3,41,2018-01-02,19.01
3,42,2018-01-02,31.85
3,43,2018-01-02,41.43
3,44,2018-01-02,25.87
3,45,2018-01-02,71.98
3,46,2018-01-02,51.84
3,47,2018-01-02,19.64
3,48,2018-01-02,47.47
3,49,2018-01-02,27.64
3,50,2018-01-02,58.1
4,1,2018-01-02,19.01
4,2,2018-01-02,44.61
4,3,2018-01-02,32.7
4,4,2018-01-02,22.21
4,5,2018-01-02,14.97
4,6,2018-01-02,46.34
4,7,2018-01-02,48.0
4,8,2018-01-02,59.79
4,9,2018-01-02,43.82
4,10,2018-01-02,55.15
4,11,2018-01-02,61.87
4,12,2018-01-02,60.18
4,13,2018-01-02,71.44
4,14,2018-01-02,48.02
4,15,2018-01-02,68.2
4,16,2018-01-02,19.59
4,17,2018-01-02,23.35
4,18,2018-01-02,69.6
4,19,2018-01-02,33.78
4,20,2018-01-02,37.26
4,21,2018-01-02,34.67
4,22,2018-01-02,64.85
4,23,2018-01-02,21.77
4,24,2018-01-02,52.24
4,25,2018-01-02,67.44
4,26,2018-01-02,36.06
4,27,2018-01-02,17.41
4,28,2018-01-02,69.16
4,29,2018-01-02,56.37
4,30,2018-01-02,33.7
4,31,2018-01-02,49.24
4,32,2018-01-02,36.03
4,33,2018-01-02,56.16
4,34,2018-01-02,20.73
4,35,2018-01-02,51.59
4,36,2018-01-02,66.71
4,37,2018-01-02,23.2
4,38,2018-01-02,63.33
4,39,2018-01-02,35.04
4,40,2018-01-02,23.23
4,41,2018-01-02,18.56
4,42,2018-01-02,29.53
4,43,2018-01-02,42.57
4,44,2018-01-02,23.51
4,45,2018-01-02,66.61
4,46,2018-01-02,49.64
4,47,2018-01-02,19.96
4,48,2018-01-02,41.02
4,49,2018-01-02,22.09
4,50,2018-01-02,49.48
5,1,2018-01-02,14.15
5,2,2018-01-02,34.23
5,3,2018-01-02,21.95
5,4,2018-01-02,11.4
5,5,2018-01-02,11.94
5,6,2018-01-02,32.75
5,7,2018-01-02,33.49
5,8,2018-01-02,43.54
5,9,2018-01-02,29.79
5,10,2018-01-02,43.93
5,11,2018-01-02,42.63
5,12,2018-01-02,40.78
5,13,2018-01-02,49.95
5,14,2018-01-02,39.73
5,15,2018-01-02,54.84
5,16,2018-01-02,14.39
5,17,2018-01-02,18.38
5,18,2018-01-02,51.8
5,19,2018-01-02,22.54
5,20,2018-01-02,29.01
5,21,2018-01-02,22.32
5,22,2018-01-02,48.69
5,23,2018-01-02,14.77
5,24,2018-01-02,38.83
5,25,2018-01-02,45.09
5,26,2018-01-02,25.66
5,27,2018-01-02,12.77
5,28,2018-01-02,55.68
5,29,2018-01-02,40.86
5,30,2018-01-02,23.61
5,31,2018-01-02,35.09
5,32,2018-01-02,27.88
5,33,2018-01-02,36.86
5,34,2018-01-02,13.78
5,35,2018-01-02,40.14
5,36,2018-01-02,42.98
5,37,2018-01-02,16.18
5,38,2018-01-02,49.62
5,39,2018-01-02,25.35
5,40,2018-01-02,15.61
5,41,2018-01-02,13.01
5,42,2018-01-02,21.81
5,43,2018-01-02,29.45
5,44,2018-01-02,16.74
5,45,2018-01-02,49.33
5,46,2018-01-02,37.0
5,47,2018-01-02,13.28
5,48,2018-01-02,33.04
5,49,2018-01-02,16.63
5,50,2018-01-02,38.09
6,1,2018-01-02,12.25
6,2,2018-01-02,35.76
6,3,2018-01-02,21.95
6,4,2018-01-02,11.23
6,5,2018-01-02,9.82
6,6,2018-01-02,32.7
6,7,2018-01-02,35.32
6,8,2018-01-02,45.94
6,9,2018-01-02,33.15
6,10,2018-01-02,41.48
6,11,2018-01-02,39.91
6,12,2018-01-02,43.33
6,13,2018-01-02,52.11
6,14,2018-01-02,34.11
6,15,2018-01-02,49.92
6,16,2018-01-02,15.3
6,17,2018-01-02,20.75
6,18,2018-01-02,50.92
6,19,2018-01-02,22.31
6,20,2018-01-02,30.26
6,21,2018-01-02,24.9
6,22,2018-01-02,43.7
6,23,2018-01-02,16.19
6,24,2018-01-02,34.2
6,25,2018-01-02,48.57
6,26,2018-01-02,28.18
6,27,2018-01-02,13.9
6,28,2018-01-02,52.8
6,29,2018-01-02,37.47
6,30,2018-01-02,21.77
6,31,2018-01-02,31.13
6,32,2018-01-02,25.9
6,33,2018-01-02,42.57
6,34,2018-01-02,14.92
6,35,2018-01-02,38.34
6,36,2018-01-02,44.07
6,37,2018-01-02,16.89
6,38,2018-01-02,47.07
6,39,2018-01-02,24.69
6,40,2018-01-02,17.62
6,41,2018-01-02,13.16
6,42,2018-01-02,19.27
6,43,2018-01-02,29.75
6,44,2018-01-02,17.9
6,45,2018-01-02,47.09
6,46,2018-01-02,36.75
6,47,2018-01-02,13.47
6,48,2018-01-02,28.48
6,49,2018-01-02,16.57
6,50,2018-01-02,41.06
7,1,2018-01-02,12.51
7,2,2018-01-02,29.34
7,3,2018-01-02,20.85
7,4,2018-01-02,11.15
7,5,2018-01-02,10.57
7,6,2018-01-02,31.57
7,7,2018-01-02,35.64
7,8,2018-01-02,42.77
7,9,2018-01-02,25.28
7,10,2018-01-02,40.0
7,11,2018-01-02,38.03
7,12,2018-01-02,39.69
7,13,2018-01-02,46.56
7,14,2018-01-02,31.25
7,15,2018-01-02,45.81
7,16,2018-01-02,13.26
7,17,2018-01-02,18.84
7,18,2018-01-02,48.09
7,19,2018-01-02,20.92
7,20,2018-01-02,23.9
7,21,2018-01-02,21.85
7,22,2018-01-02,48.53
7,23,2018-01-02,12.66
7,24,2018-01-02,37.79
7,25,2018-01-02,44.73
7,26,2018-01-02,24.07
7,27,2018-01-02,11.34
7,28,2018-01-02,47.35
7,29,2018-01-02,40.98
7,30,2018-01-02,21.48
7,31,2018-01-02,34.1
7,32,2018-01-02,23.84
7,33,2018-01-02,41.06
7,34,2018-01-02,13.8
7,35,2018-01-02,36.58
7,36,2018-01-02,40.54
7,37,2018-01-02,14.49
7,38,2018-01-02,41.33
7,39,2018-01-02,20.79
7,40,2018-01-02,15.08
7,41,2018-01-02,11.27
7,42,2018-01-02,19.42
7,43,2018-01-02,28.5
7,44,2018-01-02,16.67
7,45,2018-01-02,42.2
7,46,2018-01-02,30.68
7,47,2018-01-02,11.13
7,48,2018-01-02,28.28
7,49,2018-01-02,15.27
7,50,2018-01-02,35.83
8,1,2018-01-02,21.31
8,2,2018-01-02,61.26
8,3,2018-01-02,37.4
8,4,2018-01-02,19.47
8,5,2018-01-02,19.83
8,6,2018-01-02,56.87
8,7,2018-01-02,55.93
8,8,2018-01-02,66.32
8,9,2018-01-02,51.44
8,10,2018-01-02,65.81
8,11,2018-01-02,62.12
8,12,2018-01-02,66.4
8,13,2018-01-02,78.78
8,14,2018-01-02,55.9
8,15,2018-01-02,82.45
8,16,2018-01-02,23.12
8,17,2018-01-02,31.35
8,18,2018-01-02,73.46
8,19,2018-01-02,39.92
8,20,2018-01-02,48.73
8,21,2018-01-02,41.89
8,22,2018-01-02,72.3
8,23,2018-01-02,29.4
8,24,2018-01-02,64.51
8,25,2018-01-02,78.01
8,26,2018-01-02,43.58
8,27,2018-01-02,20.55
8,28,2018-01-02,77.72
8,29,2018-01-02,62.75
8,30,2018-01-02,34.64
8,31,2018-01-02,57.2
8,32,2018-01-02,40.39
8,33,2018-01-02,62.0
8,34,2018-01-02,26.47
8,35,2018-01-02,61.12
8,36,2018-01-02,71.66
8,37,2018-01-02,26.5
8,38,2018-01-02,72.5
8,39,2018-01-02,45.54
8,40,2018-01-02,27.3
8,41,2018-01-02,23.63
8,42,2018-01-02,35.29
8,43,2018-01-02,44.09
8,44,2018-01-02,27.76
8,45,2018-01-02,70.61
8,46,2018-01-02,56.83
8,47,2018-01-02,21.02
8,48,2018-01-02,50.12
8,49,2018-01-02,28.21
8,50,2018-01-02,62.38
9,1,2018-01-02,17.87
9,2,2018-01-02,49.07
9,3,2018-01-02,29.26
9,4,2018-01-02,17.34
9,5,2018-01-02,16.25
9,6,2018-01-02,45.82
9,7,2018-01-02,49.78
9,8,2018-01-02,63.1
9,9,2018-01-02,42.24
9,10,2018-01-02,57.45
9,11,2018-01-02,64.39
9,12,2018-01-02,55.85
9,13,2018-01-02,67.29
9,14,2018-01-02,44.34
9,15,2018-01-02,66.17
9,16,2018-01-02,20.28
9,17,2018-01-02,25.97
9,18,2018-01-02,65.91
9,19,2018-01-02,35.56
9,20,2018-01-02,38.95
9,21,2018-01-02,32.38
9,22,2018-01-02,65.94
9,23,2018-01-02,23.71
9,24,2018-01-02,55.1
9,25,2018-01-02,65.43
9,26,2018-01-02,38.65
9,27,2018-01-02,18.35
9,28,2018-01-02,69.79
9,29,2018-01-02,60.52
9,30,2018-01-02,33.17
9,31,2018-01-02,46.87
9,32,2018-01-02,36.79
9,33,2018-01-02,54.11
9,34,2018-01-02,19.06
9,35,2018-01-02,55.41
9,36,2018-01-02,61.56
9,37,2018-01-02,25.11
9,38,2018-01-02,65.1
9,39,2018-01-02,35.1
9,40,2018-01-02,23.14
9,41,2018-01-02,16.06
9,42,2018-01-02,28.39
9,43,2018-01-02,44.14
9,44,2018-01-02,22.23
9,45,2018-01-02,64.2
9,46,2018-01-02,47.04
9,47,2018-01-02,19.44
9,48,2018-01-02,39.08
9,49,2018-01-02,22.85
9,50,2018-01-02,53.83
10,1,2018-01-02,17.38
10,2,2018-01-02,44.66
10,3,2018-01-02,31.29
10,4,2018-01-02,19.23
10,5,2018-01-02,15.94
10,6,2018-01-02,49.87
10,7,2018-01-02,47.5
10,8,2018-01-02,63.38
10,9,2018-01-02,43.55
10,10,2018-01-02,62.67
10,11,2018-01-02,62.13
10,12,2018-01-02,61.37
10,13,2018-01-02,71.97
10,14,2018-01-02,50.65
10,15,2018-01-02,76.05
10,16,2018-01-02,21.84
10,17,2018-01-02,29.03
10,18,2018-01-02,71.4
10,19,2018-01-02,32.21
10,20,2018-01-02,39.98
10,21,2018-01-02,36.44
10,22,2018-01-02,66.99
10,23,2018-01-02,27.34
10,24,2018-01-02,62.9
10,25,2018-01-02,67.26
10,26,2018-01-02,39.43
10,27,2018-01-02,19.45
10,28,2018-01-02,76.44
10,29,2018-01-02,58.79
10,30,2018-01-02,32.41
10,31,2018-01-02,49.14
10,32,2018-01-02,36.51
10,33,2018-01-02,59.06
10,34,2018-01-02,21.36
10,35,2018-01-02,54.07
10,36,2018-01-02,64.59
10,37,2018-01-02,27.66
10,38,2018-01-02,69.41
10,39,2018-01-02,35.31
10,40,2018-01-02,25.84
10,41,2018-01-02,16.86
10,42,2018-01-02,31.22
10,43,2018-01-02,46.37
10,44,2018-01-02,25.94
10,45,2018-01-02,67.55
10,46,2018-01-02,52.77
10,47,2018-01-02,17.07
10,48,2018-01-02,42.03
10,49,2018-01-02,25.72
10,50,2018-01-02,55.64
1,1,2018-01-03,15.88
1,2,2018-01-03,43.05
1,3,2018-01-03,23.33
1,4,2018-01-03,16.07
1,5,2018-01-03,12.8
1,6,2018-01-03,41.07
1,7,2018-01-03,41.86
1,8,2018-01-03,51.2
1,9,2018-01-03,35.23
1,10,2018-01-03,54.85
1,11,2018-01-03,48.52
1,12,2018-01-03,48.02
1,13,2018-01-03,56.02
1,14,2018-01-03,41.17
1,15,2018-01-03,62.53
1,16,2018-01-03,19.14
1,17,2018-01-03,23.36
1,18,2018-01-03,58.34
1,19,2018-01-03,29.01
1,20,2018-01-03,32.36
1,21,2018-01-03,26.83
1,22,2018-01-03,54.81
1,23,2018-01-03,20.55
1,24,2018-01-03,41.36
1,25,2018-01-03,56.89
1,26,2018-01-03,37.91
1,27,2018-01-03,15.66
1,28,2018-01-03,58.74
1,29,2018-01-03,50.02
1,30,2018-01-03,27.65
1,31,2018-01-03,38.27
1,32,2018-01-03,30.27
1,33,2018-01-03,48.0
1,34,2018-01-03,19.57
1,35,2018-01-03,47.61
1,36,2018-01-03,55.62
1,37,2018-01-03,16.78
1,38,2018-01-03,55.9
1,39,2018-01-03,28.45
1,40,2018-01-03,22.52
1,41,2018-01-03,14.47
1,42,2018-01-03,21.68
1,43,2018-01-03,33.26
1,44,2018-01-03,23.34
1,45,2018-01-03,55.48
1,46,2018-01-03,40.97
1,47,2018-01-03,15.49
1,48,2018-01-03,36.93
1,49,2018-01-03,20.26
1,50,2018-01-03,47.03
2,1,2018-01-03,20.1
2,2,2018-01-03,55.42
2,3,2018-01-03,34.54
2,4,2018-01-03,22.84
2,5,2018-01-03,17.93
2,6,2018-01-03,55.88
2,7,2018-01-03,57.08
2,8,2018-01-03,72.25
2,9,2018-01-03,49.18
2,10,2018-01-03,68.54
2,11,2018-01-03,71.04
2,12,2018-01-03,69.25
2,13,2018-01-03,80.08
2,14,2018-01-03,57.26
2,15,2018-01-03,84.41
2,16,2018-01-03,22.18
2,17,2018-01-03,31.37
2,18,2018-01-03,80.37
2,19,2018-01-03,37.99
2,20,2018-01-03,45.21
2,21,2018-01-03,38.6
2,22,2018-01-03,78.34
2,23,2018-01-03,33.39
2,24,2018-01-03,60.36
2,25,2018-01-03,78.14
2,26,2018-01-03,48.9
2,27,2018-01-03,21.85
2,28,2018-01-03,86.66
2,29,2018-01-03,67.49
2,30,2018-01-03,40.7
2,31,2018-01-03,59.98
2,32,2018-01-03,48.6
2,33,2018-01-03,63.85
2,34,2018-01-03,23.37
2,35,2018-01-03,61.4
2,36,2018-01-03,78.03
2,37,2018-01-03,29.19
2,38,2018-01-03,78.42
2,39,2018-01-03,41.88
2,40,2018-01-03,29.4
2,41,2018-01-03,20.93
2,42,2018-01-03,40.8
2,43,2018-01-03,50.96
2,44,2018-01-03,28.57
2,45,2018-01-03,78.86
2,46,2018-01-03,57.98
2,47,2018-01-03,22.49
2,48,2018-01-03,47.44
2,49,2018-01-03,29.7
2,50,2018-01-03,62.81
3,1,2018-01-03,18.34
3,2,2018-01-03,51.59
3,3,2018-01-03,28.26
3,4,2018-01-03,19.28
3,5,2018-01-03,16.81
3,6,2018-01-03,49.21
3,7,2018-01-03,50.26
3,8,2018-01-03,64.33
3,9,2018-01-03,45.62
3,10,2018-01-03,55.09
3,11,2018-01-03,62.49
3,12,2018-01-03,62.18
3,13,2018-01-03,74.13
3,14,2018-01-03,53.9
3,15,2018-01-03,71.82
3,16,2018-01-03,23.72
3,17,2018-01-03,29.29
3,18,2018-01-03,73.08
3,19,2018-01-03,32.03
3,20,2018-01-03,40.47
3,21,2018-01-03,37.67
3,22,2018-01-03,70.18
3,23,2018-01-03,26.24
3,24,2018-01-03,63.13
3,25,2018-01-03,66.87
3,26,2018-01-03,41.36
3,27,2018-01-03,21.02
3,28,2018-01-03,72.02
3,29,2018-01-03,61.73
3,30,2018-01-03,38.41
3,31,2018-01-03,50.54
3,32,2018-01-03,43.34
3,33,2018-01-03,64.78
3,34,2018-01-03,22.95
3,35,2018-01-03,58.11
3,36,2018-01-03,71.98
3,37,2018-01-03,26.4
3,38,2018-01-03,69.49
3,39,2018-01-03,39.22
3,40,2018-01-03,27.66
3,41,2018-01-03,19.02
3,42,2018-01-03,31.89
3,43,2018-01-03,40.78
3,44,2018-01-03,25.67
3,45,2018-01-03,73.04
3,46,2018-01-03,52.83
3,47,2018-01-03,18.57
3,48,2018-01-03,46.55
3,49,2018-01-03,29.02
3,50,2018-01-03,56.09
4,1,2018-01-03,18.93
4,2,2018-01-03,44.5
4,3,2018-01-03,31.2
4,4,2018-01-03,21.62
4,5,2018-01-03,15.95
4,6,2018-01-03,46.12
4,7,2018-01-03,49.76
4,8,2018-01-03,59.96
4,9,2018-01-03,41.81
4,10,2018-01-03,54.89
4,11,2018-01-03,59.76
4,12,2018-01-03,57.47
4,13,2018-01-03,70.09
4,14,2018-01-03,47.01
4,15,2018-01-03,70.69
4,16,2018-01-03,19.14
4,17,2018-01-03,24.66
4,18,2018-01-03,66.63
4,19,2018-01-03,35.82
4,20,2018-01-03,37.3
4,21,2018-01-03,34.3
4,22,2018-01-03,66.34
4,23,2018-01-03,21.76
4,24,2018-01-03,51.64
4,25,2018-01-03,68.75
4,26,2018-01-03,37.06
4,27,2018-01-03,18.07
4,28,2018-01-03,69.36
4,29,2018-01-03,55.2
4,30,2018-01-03,32.32
4,31,2018-01-03,50.62
4,32,2018-01-03,35.91
4,33,2018-01-03,57.22
4,34,2018-01-03,21.21
4,35,2018-01-03,50.32
4,36,2018-01-03,64.75
4,37,2018-01-03,23.77
4,38,2018-01-03,65.66
4,39,2018-01-03,34.53
4,40,2018-01-03,24.01
4,41,2018-01-03,17.47
4,42,2018-01-03,29.08
4,43,2018-01-03,41.24
4,44,2018-01-03,23.39
4,45,2018-01-03,61.44
4,46,2018-01-03,47.6
4,47,2018-01-03,20.99
4,48,2018-01-03,41.45
4,49,2018-01-03,23.48
4,50,2018-01-03,53.15
5,1,2018-01-03,13.85
5,2,2018-01-03,32.56
5,3,2018-01-03,23.36
5,4,2018-01-03,13.0
5,5,2018-01-03,11.32
5,6,2018-01-03,31.76
5,7,2018-01-03,34.62
5,8,2018-01-03,45.9
5,9,2018-01-03,31.4
5,10,2018-01-03,44.01
5,11,2018-01-03,42.32
5,12,2018-01-03,40.64
5,13,2018-01-03,46.47
5,14,2018-01-03,39.07
5,15,2018-01-03,53.85
5,16,2018-01-03,14.06
5,17,2018-01-03,19.14
5,18,2018-01-03,50.36
5,19,2018-01-03,21.34
5,20,2018-01-03,27.47
5,21,2018-01-03,22.24
5,22,2018-01-03,48.69
5,23,2018-01-03,13.68
5,24,2018-01-03,38.09
5,25,2018-01-03,45.83
5,26,2018-01-03,26.09
5,27,2018-01-03,12.92
5,28,2018-01-03,55.69
5,29,2018-01-03,39.19
5,30,2018-01-03,24.61
5,31,2018-01-03,37.8
5,32,2018-01-03,27.28
5,33,2018-01-03,37.83
5,34,2018-01-03,12.49
5,35,2018-01-03,39.02
5,36,2018-01-03,45.2
5,37,2018-01-03,16.56
5,38,2018-01-03,50.26
5,39,2018-01-03,26.91
5,40,2018-01-03,16.79
5,41,2018-01-03,13.72
5,42,2018-01-03,21.64
5,43,2018-01-03,29.18
5,44,2018-01-03,17.01
5,45,2018-01-03,49.38
5,46,2018-01-03,35.38
5,47,2018-01-03,14.33
5,48,2018-01-03,32.12
5,49,2018-01-03,16.87
5,50,2018-01-03,37.34
6,1,2018-01-03,11.37
6,2,2018-01-03,36.32
6,3,2018-01-03,22.79
6,4,2018-01-03,10.16
6,5,2018-01-03,9.64
6,6,2018-01-03,32.73
6,7,2018-01-03,35.77
6,8,2018-01-03,46.49
6,9,2018-01-03,34.75
6,10,2018-01-03,44.2
6,11,2018-01-03,40.51
6,12,2018-01-03,43.82
6,13,2018-01-03,52.86
6,14,2018-01-03,33.82
6,15,2018-01-03,50.68
6,16,2018-01-03,15.46
6,17,2018-01-03,19.41
6,18,2018-01-03,50.19
6,19,2018-01-03,23.55
6,20,2018-01-03,29.46
6,21,2018-01-03,24.97
6,22,2018-01-03,44.96
6,23,2018-01-03,18.2
6,24,2018-01-03,40.28
6,25,2018-01-03,48.14
6,26,2018-01-03,27.53
6,27,2018-01-03,13.52
6,28,2018-01-03,52.69
6,29,2018-01-03,37.89
6,30,2018-01-03,21.59
6,31,2018-01-03,30.33
6,32,2018-01-03,26.74
6,33,2018-01-03,41.95
6,34,2018-01-03,14.59
6,35,2018-01-03,38.09
6,36,2018-01-03,46.39
6,37,2018-01-03,15.65
6,38,2018-01-03,48.76
6,39,2018-01-03,24.04
6,40,2018-01-03,19.39
6,41,2018-01-03,14.25
6,42,2018-01-03,20.71
6,43,2018-01-03,28.36
6,44,2018-01-03,17.28
6,45,2018-01-03,46.16
6,46,2018-01-03,35.34
6,47,2018-01-03,13.51
6,48,2018-01-03,30.14
6,49,2018-01-03,16.09
6,50,2018-01-03,39.91
7,1,2018-01-03,12.6
7,2,2018-01-03,28.68
7,3,2018-01-03,19.74
7,4,2018-01-03,10.41
7,5,2018-01-03,9.76
7,6,2018-01-03,29.82
7,7,2018-01-03,35.62
7,8,2018-01-03,43.49
7,9,2018-01-03,25.26
7,10,2018-01-03,40.58
7,11,2018-01-03,38.08
7,12,2018-01-03,40.51
7,13,2018-01-03,46.33
7,14,2018-01-03,32.29
7,15,2018-01-03,45.99
7,16,2018-01-03,12.9
7,17,2018-01-03,19.0
7,18,2018-01-03,47.99
7,19,2018-01-03,20.44
7,20,2018-01-03,25.64
7,21,2018-01-03,21.31
7,22,2018-01-03,47.17
7,23,2018-01-03,12.94
7,24,2018-01-03,37.23
7,25,2018-01-03,42.4
7,26,2018-01-03,24.57
7,27,2018-01-03,11.29
7,28,2018-01-03,46.88
7,29,2018-01-03,40.29
7,30,2018-01-03,22.11
7,31,2018-01-03,33.77
7,32,2018-01-03,25.11
7,33,2018-01-03,41.03
7,34,2018-01-03,14.82
7,35,2018-01-03,37.17
7,36,2018-01-03,42.05
7,37,2018-01-03,15.02
7,38,2018-01-03,40.32
7,39,2018-01-03,21.52
7,40,2018-01-03,15.86
7,41,2018-01-03,11.09
7,42,2018-01-03,19.63
7,43,2018-01-03,30.7
7,44,2018-01-03,17.52
7,45,2018-01-03,45.76
7,46,2018-01-03,29.36
7,47,2018-01-03,11.3
7,48,2018-01-03,25.87
7,49,2018-01-03,15.05
7,50,2018-01-03,35.79
8,1,2018-01-03,20.9
8,2,2018-01-03,60.08
8,3,2018-01-03,37.53
8,4,2018-01-03,18.45
8,5,2018-01-03,17.75
8,6,2018-01-03,56.98
8,7,2018-01-03,57.25
8,8,2018-01-03,68.63
8,9,2018-01-03,49.7
8,10,2018-01-03,65.13
8,11,2018-01-03,63.61
8,12,2018-01-03,63.41
8,13,2018-01-03,72.46
8,14,2018-01-03,53.8
8,15,2018-01-03,80.52
8,16,2018-01-03,21.92
8,17,2018-01-03,31.3
8,18,2018-01-03,75.01
8,19,2018-01-03,40.63
8,20,2018-01-03,46.34
8,21,2018-01-03,41.47
8,22,2018-01-03,70.47
8,23,2018-01-03,28.39
8,24,2018-01-03,63.88
8,25,2018-01-03,73.86
8,26,2018-01-03,43.1
8,27,2018-01-03,21.45
8,28,2018-01-03,79.74
8,29,2018-01-03,63.78
8,30,2018-01-03,33.99
8,31,2018-01-03,56.93
8,32,2018-01-03,41.73
8,33,2018-01-03,60.74
8,34,2018-01-03,29.3
8,35,2018-01-03,61.65
8,36,2018-01-03,69.62
8,37,2018-01-03,27.79
8,38,2018-01-03,73.45
8,39,2018-01-03,44.05
8,40,2018-01-03,27.79
8,41,2018-01-03,24.08
8,42,2018-01-03,35.16
8,43,2018-01-03,46.59
8,44,2018-01-03,28.71
8,45,2018-01-03,70.68
8,46,2018-01-03,56.78
8,47,2018-01-03,20.47
8,48,2018-01-03,51.29
8,49,2018-01-03,28.19
8,50,2018-01-03,60.88
9,1,2018-01-03,16.81
9,2,2018-01-03,49.94
9,3,2018-01-03,29.31
9,4,2018-01-03,16.6
9,5,2018-01-03,15.3
9,6,2018-01-03,47.13
9,7,2018-01-03,50.63
9,8,2018-01-03,61.93
9,9,2018-01-03,44.07
9,10,2018-01-03,56.64
9,11,2018-01-03,57.02
9,12,2018-01-03,55.4
9,13,2018-01-03,65.89
9,14,2018-01-03,43.84
9,15,2018-01-03,67.11
9,16,2018-01-03,21.26
9,17,2018-01-03,25.72
9,18,2018-01-03,66.97
9,19,2018-01-03,35.76
9,20,2018-01-03,38.41
9,21,2018-01-03,31.32
9,22,2018-01-03,66.23
9,23,2018-01-03,24.0
9,24,2018-01-03,53.95
9,25,2018-01-03,66.33
9,26,2018-01-03,38.37
9,27,2018-01-03,19.15
9,28,2018-01-03,69.47
9,29,2018-01-03,57.73
9,30,2018-01-03,32.92
9,31,2018-01-03,47.81
9,32,2018-01-03,36.32
9,33,2018-01-03,53.82
9,34,2018-01-03,19.42
9,35,2018-01-03,56.87
9,36,2018-01-03,62.14
9,37,2018-01-03,24.59
9,38,2018-01-03,63.58
9,39,2018-01-03,35.6
9,40,2018-01-03,24.29
9,41,2018-01-03,16.14
9,42,2018-01-03,28.37
9,43,2018-01-03,43.09
9,44,2018-01-03,22.33
9,45,2018-01-03,64.82
9,46,2018-01-03,46.22
9,47,2018-01-03,18.82
9,48,2018-01-03,39.29
9,49,2018-01-03,23.81
9,50,2018-01-03,54.27
10,1,2018-01-03,18.29
10,2,2018-01-03,43.74
10,3,2018-01-03,29.47
10,4,2018-01-03,20.18
10,5,2018-01-03,16.23
10,6,2018-01-03,50.98
10,7,2018-01-03,47.73
10,8,2018-01-03,65.23
10,9,2018-01-03,43.19
10,10,2018-01-03,62.37
10,11,2018-01-03,62.36
10,12,2018-01-03,59.91
10,13,2018-01-03,72.1
10,14,2018-01-03,48.51
10,15,2018-01-03,75.16
10,16,2018-01-03,21.4
10,17,2018-01-03,30.31
10,18,2018-01-03,70.13
10,19,2018-01-03,32.83
10,20,2018-01-03,39.35
10,21,2018-01-03,36.81
10,22,2018-01-03,68.61
10,23,2018-01-03,27.52
10,24,2018-01-03,58.08
10,25,2018-01-03,67.1
10,26,2018-01-03,42.28
10,27,2018-01-03,20.11
10,28,2018-01-03,74.15
10,29,2018-01-03,59.09
10,30,2018-01-03,33.79
10,31,2018-01-03,52.22
10,32,2018-01-03,35.97
10,33,2018-01-03,60.27
10,34,2018-01-03,21.46
10,35,2018-01-03,52.75
10,36,2018-01-03,66.68
10,37,2018-01-03,26.3
10,38,2018-01-03,69.0
10,39,2018-01-03,34.33
10,40,2018-01-03,26.74
10,41,2018-01-03,17.09
10,42,2018-01-03,31.86
10,43,2018-01-03,43.72
10,44,2018-01-03,25.4
10,45,2018-01-03,65.4
10,46,2018-01-03,51.39
10,47,2018-01-03,16.92
10,48,2018-01-03,45.41
10,49,2018-01-03,26.03
10,50,2018-01-03,56.86
1,1,2018-01-04,17.57
1,2,2018-01-04,47.58
1,3,2018-01-04,25.02
1,4,2018-01-04,16.84
1,5,2018-01-04,14.97
1,6,2018-01-04,48.16
1,7,2018-01-04,47.1
1,8,2018-01-04,57.1
1,9,2018-01-04,38.57
1,10,2018-01-04,57.88
1,11,2018-01-04,51.5
1,12,2018-01-04,50.68
1,13,2018-01-04,61.48
1,14,2018-01-04,43.17
1,15,2018-01-04,62.87
1,16,2018-01-04,22.35
1,17,2018-01-04,24.61
1,18,2018-01-04,62.4
1,19,2018-01-04,31.16
1,20,2018-01-04,36.08
1,21,2018-01-04,29.47
1,22,2018-01-04,57.72
1,23,2018-01-04,22.28
1,24,2018-01-04,43.22
1,25,2018-01-04,58.1
1,26,2018-01-04,41.02
1,27,2018-01-04,16.17
1,28,2018-01-04,63.37
1,29,2018-01-04,54.12
1,30,2018-01-04,27.82
1,31,2018-01-04,41.45
1,32,2018-01-04,31.49
1,33,2018-01-04,48.62
1,34,2018-01-04,21.45
1,35,2018-01-04,48.7
1,36,2018-01-04,59.19
1,37,2018-01-04,18.34
1,38,2018-01-04,60.19
1,39,2018-01-04,32.92
1,40,2018-01-04,23.23
1,41,2018-01-04,17.72
1,42,2018-01-04,23.54
1,43,2018-01-04,36.03
1,44,2018-01-04,22.06
1,45,2018-01-04,60.46
1,46,2018-01-04,42.94
1,47,2018-01-04,16.04
1,48,2018-01-04,39.2
1,49,2018-01-04,22.01
1,50,2018-01-04,48.98
2,1,2018-01-04,21.3
2,2,2018-01-04,57.77
2,3,2018-01-04,38.02
2,4,2018-01-04,22.89
2,5,2018-01-04,19.38
2,6,2018-01-04,58.53
2,7,2018-01-04,60.77
2,8,2018-01-04,75.11
2,9,2018-01-04,56.18
2,10,2018-01-04,71.31
2,11,2018-01-04,74.87
2,12,2018-01-04,73.7
2,13,2018-01-04,85.56
2,14,2018-01-04,59.85
2,15,2018-01-04,88.14
2,16,2018-01-04,22.93
2,17,2018-01-04,33.54
2,18,2018-01-04,83.27
2,19,2018-01-04,41.84
2,20,2018-01-04,44.19
2,21,2018-01-04,40.72
2,22,2018-01-04,82.73
2,23,2018-01-04,32.48
2,24,2018-01-04,68.3
2,25,2018-01-04,82.99
2,26,2018-01-04,53.52
2,27,2018-01-04,24.3
2,28,2018-01-04,87.34
2,29,2018-01-04,74.4
2,30,2018-01-04,41.17
2,31,2018-01-04,60.12
2,32,2018-01-04,50.14
2,33,2018-01-04,66.11
2,34,2018-01-04,26.13
2,35,2018-01-04,64.66
2,36,2018-01-04,78.0
2,37,2018-01-04,29.72
2,38,2018-01-04,81.24
2,39,2018-01-04,45.69
2,40,2018-01-04,32.23
2,41,2018-01-04,21.1
2,42,2018-01-04,42.93
2,43,2018-01-04,56.73
2,44,2018-01-04,29.67
2,45,2018-01-04,84.86
2,46,2018-01-04,62.23
2,47,2018-01-04,24.52
2,48,2018-01-04,50.13
2,49,2018-01-04,32.07
2,50,2018-01-04,64.67
3,1,2018-01-04,20.88
3,2,2018-01-04,54.34
3,3,2018-01-04,31.12
3,4,2018-01-04,20.5
3,5,2018-01-04,17.04
3,6,2018-01-04,52.53
3,7,2018-01-04,51.19
3,8,2018-01-04,70.78
3,9,2018-01-04,45.31
3,10,2018-01-04,60.67
3,11,2018-01-04,66.62
3,12,2018-01-04,64.77
3,13,2018-01-04,76.91
3,14,2018-01-04,58.71
3,15,2018-01-04,76.64
3,16,2018-01-04,27.17
3,17,2018-01-04,29.88
3,18,2018-01-04,78.13
3,19,2018-01-04,35.0
3,20,2018-01-04,45.29
3,21,2018-01-04,38.36
3,22,2018-01-04,73.32
3,23,2018-01-04,29.49
3,24,2018-01-04,74.69
3,25,2018-01-04,71.06
3,26,2018-01-04,42.74
3,27,2018-01-04,20.83
3,28,2018-01-04,75.4
3,29,2018-01-04,65.47
3,30,2018-01-04,38.51
3,31,2018-01-04,53.49
3,32,2018-01-04,46.63
3,33,2018-01-04,66.74
3,34,2018-01-04,24.11
3,35,2018-01-04,64.05
3,36,2018-01-04,71.63
3,37,2018-01-04,27.44
3,38,2018-01-04,73.36
3,39,2018-01-04,42.71
3,40,2018-01-04,28.6
3,41,2018-01-04,21.65
3,42,2018-01-04,35.64
3,43,2018-01-04,42.07
3,44,2018-01-04,27.53
3,45,2018-01-04,75.33
3,46,2018-01-04,55.5
3,47,2018-01-04,19.74
3,48,2018-01-04,49.68
3,49,2018-01-04,29.56
3,50,2018-01-04,61.2
4,1,2018-01-04,19.86
4,2,2018-01-04,46.83
4,3,2018-01-04,34.63
4,4,2018-01-04,22.63
4,5,2018-01-04,18.52
4,6,2018-01-04,48.97
4,7,2018-01-04,51.8
4,8,2018-01-04,64.33
4,9,2018-01-04,47.15
4,10,2018-01-04,60.0
4,11,2018-01-04,62.57
4,12,2018-01-04,63.64
4,13,2018-01-04,76.32
4,14,2018-01-04,49.39
4,15,2018-01-04,74.88
4,16,2018-01-04,20.08
4,17,2018-01-04,26.24
4,18,2018-01-04,75.03
4,19,2018-01-04,36.4
4,20,2018-01-04,40.84
4,21,2018-01-04,36.28
4,22,2018-01-04,67.92
4,23,2018-01-04,22.01
4,24,2018-01-04,54.99
4,25,2018-01-04,71.97
4,26,2018-01-04,38.36
4,27,2018-01-04,19.06
4,28,2018-01-04,74.27
4,29,2018-01-04,58.79
4,30,2018-01-04,35.81
4,31,2018-01-04,56.03
4,32,2018-01-04,38.73
4,33,2018-01-04,58.75
4,34,2018-01-04,23.6
4,35,2018-01-04,52.21
4,36,2018-01-04,68.75
4,37,2018-01-04,24.48
4,38,2018-01-04,71.29
4,39,2018-01-04,37.39
4,40,2018-01-04,23.92
4,41,2018-01-04,19.22
4,42,2018-01-04,31.16
4,43,2018-01-04,44.07
4,44,2018-01-04,25.01
4,45,2018-01-04,65.94
4,46,2018-01-04,50.35
4,47,2018-01-04,21.79
4,48,2018-01-04,45.37
4,49,2018-01-04,25.63
4,50,2018-01-04,57.69
5,1,2018-01-04,14.69
5,2,2018-01-04,33.56
5,3,2018-01-04,24.69
5,4,2018-01-04,13.52
5,5,2018-01-04,10.71
5,6,2018-01-04,33.93
5,7,2018-01-04,34.99
5,8,2018-01-04,50.18
5,9,2018-01-04,32.97
5,10,2018-01-04,45.82
5,11,2018-01-04,43.75
5,12,2018-01-04,43.15
5,13,2018-01-04,48.61
5,14,2018-01-04,42.45
5,15,2018-01-04,57.73
5,16,2018-01-04,15.42
5,17,2018-01-04,21.3
5,18,2018-01-04,55.11
5,19,2018-01-04,23.31
5,20,2018-01-04,28.51
5,21,2018-01-04,24.28
5,22,2018-01-04,46.06
5,23,2018-01-04,16.23
5,24,2018-01-04,40.45
5,25,2018-01-04,50.65
5,26,2018-01-04,26.51
5,27,2018-01-04,13.61
5,28,2018-01-04,60.56
5,29,2018-01-04,40.3
5,30,2018-01-04,28.57
5,31,2018-01-04,36.83
5,32,2018-01-04,31.07
5,33,2018-01-04,39.74
5,34,2018-01-04,14.49
5,35,2018-01-04,41.02
5,36,2018-01-04,47.22
5,37,2018-01-04,16.92
5,38,2018-01-04,52.28
5,39,2018-01-04,27.52
5,40,2018-01-04,17.08
5,41,2018-01-04,13.37
5,42,2018-01-04,23.02
5,43,2018-01-04,31.16
5,44,2018-01-04,18.07
5,45,2018-01-04,50.52
5,46,2018-01-04,38.89
5,47,2018-01-04,15.56
5,48,2018-01-04,33.78
5,49,2018-01-04,16.46
5,50,2018-01-04,38.37
6,1,2018-01-04,11.35
6,2,2018-01-04,38.66
6,3,2018-01-04,24.21
6,4,2018-01-04,11.72
6,5,2018-01-04,9.74
6,6,2018-01-04,34.19
6,7,2018-01-04,39.86
6,8,2018-01-04,48.32
6,9,2018-01-04,35.82
6,10,2018-01-04,47.41
6,11,2018-01-04,40.99
6,12,2018-01-04,46.07
6,13,2018-01-04,56.25
6,14,2018-01-04,35.88
6,15,2018-01-04,51.82
6,16,2018-01-04,17.17
6,17,2018-01-04,21.38
6,18,2018-01-04,50.53
6,19,2018-01-04,25.31
6,20,2018-01-04,31.82
6,21,2018-01-04,26.01
6,22,2018-01-04,46.23
6,23,2018-01-04,18.62
6,24,2018-01-04,38.97
6,25,2018-01-04,51.2
6,26,2018-01-04,29.71
6,27,2018-01-04,13.71
6,28,2018-01-04,54.16
6,29,2018-01-04,41.29
6,30,2018-01-04,23.65
6,31,2018-01-04,33.78
6,32,2018-01-04,28.82
6,33,2018-01-04,44.67
6,34,2018-01-04,15.84
6,35,2018-01-04,42.12
6,36,2018-01-04,49.86
6,37,2018-01-04,16.87
6,38,2018-01-04,50.64
6,39,2018-01-04,26.61
6,40,2018-01-04,19.43
6,41,2018-01-04,13.7
6,42,2018-01-04,21.39
6,43,2018-01-04,29.92
6,44,2018-01-04,17.54
6,45,2018-01-04,45.64
6,46,2018-01-04,37.26
6,47,2018-01-04,13.87
6,48,2018-01-04,30.2
6,49,2018-01-04,17.23
6,50,2018-01-04,40.62
7,1,2018-01-04,13.49
7,2,2018-01-04,31.9
7,3,2018-01-04,20.31
7,4,2018-01-04,11.98
7,5,2018-01-04,10.49
7,6,2018-01-04,33.8
7,7,2018-01-04,37.82
7,8,2018-01-04,44.99
7,9,2018-01-04,25.99
7,10,2018-01-04,41.58
7,11,2018-01-04,38.61
7,12,2018-01-04,40.42
7,13,2018-01-04,45.23
7,14,2018-01-04,33.35
7,15,2018-01-04,48.65
7,16,2018-01-04,14.71
7,17,2018-01-04,18.78
7,18,2018-01-04,50.51
7,19,2018-01-04,22.59
7,20,2018-01-04,24.17
7,21,2018-01-04,23.33
7,22,2018-01-04,50.07
7,23,2018-01-04,13.96
7,24,2018-01-04,40.85
7,25,2018-01-04,46.5
7,26,2018-01-04,26.12
7,27,2018-01-04,12.39
7,28,2018-01-04,49.08
7,29,2018-01-04,43.05
7,30,2018-01-04,24.61
7,31,2018-01-04,36.38
7,32,2018-01-04,26.32
7,33,2018-01-04,43.75
7,34,2018-01-04,15.15
7,35,2018-01-04,37.19
7,36,2018-01-04,44.62
7,37,2018-01-04,15.35
7,38,2018-01-04,42.74
7,39,2018-01-04,24.96
7,40,2018-01-04,16.89
7,41,2018-01-04,11.52
7,42,2018-01-04,19.7
7,43,2018-01-04,30.13
7,44,2018-01-04,17.34
7,45,2018-01-04,44.16
7,46,2018-01-04,32.83
7,47,2018-01-04,11.75
7,48,2018-01-04,30.75
7,49,2018-01-04,15.21
7,50,2018-01-04,38.48
8,1,2018-01-04,25.35
8,2,2018-01-04,62.79
8,3,2018-01-04,40.07
8,4,2018-01-04,20.79
8,5,2018-01-04,19.52
8,6,2018-01-04,61.03
8,7,2018-01-04,59.94
8,8,2018-01-04,73.97
8,9,2018-01-04,57.75
8,10,2018-01-04,68.23
8,11,2018-01-04,66.1
8,12,2018-01-04,67.4
8,13,2018-01-04,78.29
8,14,2018-01-04,56.77
8,15,2018-01-04,86.15
8,16,2018-01-04,24.33
8,17,2018-01-04,33.49
8,18,2018-01-04,81.54
8,19,2018-01-04,42.52
8,20,2018-01-04,48.99
8,21,2018-01-04,43.75
8,22,2018-01-04,74.56
8,23,2018-01-04,31.14
8,24,2018-01-04,68.07
8,25,2018-01-04,79.53
8,26,2018-01-04,46.74
8,27,2018-01-04,21.95
8,28,2018-01-04,82.51
8,29,2018-01-04,69.44
8,30,2018-01-04,37.18
8,31,2018-01-04,58.86
8,32,2018-01-04,46.64
8,33,2018-01-04,67.29
8,34,2018-01-04,29.31
8,35,2018-01-04,64.4
8,36,2018-01-04,77.44
8,37,2018-01-04,30.11
8,38,2018-01-04,81.06
8,39,2018-01-04,46.97
8,40,2018-01-04,28.34
8,41,2018-01-04,24.36
8,42,2018-01-04,37.42
8,43,2018-01-04,52.27
8,44,2018-01-04,31.42
8,45,2018-01-04,75.33
8,46,2018-01-04,59.2
8,47,2018-01-04,20.92
8,48,2018-01-04,55.29
8,49,2018-01-04,31.5
8,50,2018-01-04,65.59
9,1,2018-01-04,18.01
9,2,2018-01-04,51.11
9,3,2018-01-04,32.04
9,4,2018-01-04,18.63
9,5,2018-01-04,16.83
9,6,2018-01-04,50.19
9,7,2018-01-04,56.03
9,8,2018-01-04,67.8
9,9,2018-01-04,46.97
9,10,2018-01-04,62.33
9,11,2018-01-04,64.76
9,12,2018-01-04,60.73
9,13,2018-01-04,69.01
9,14,2018-01-04,49.28
9,15,2018-01-04,71.14
9,16,2018-01-04,22.22
9,17,2018-01-04,28.38
9,18,2018-01-04,69.15
9,19,2018-01-04,37.79
9,20,2018-01-04,39.92
9,21,2018-01-04,33.71
9,22,2018-01-04,70.38
9,23,2018-01-04,24.62
9,24,2018-01-04,57.87
9,25,2018-01-04,74.3
9,26,2018-01-04,40.3
9,27,2018-01-04,20.18
9,28,2018-01-04,73.26
9,29,2018-01-04,63.44
9,30,2018-01-04,35.4
9,31,2018-01-04,52.03
9,32,2018-01-04,39.61
9,33,2018-01-04,58.51
9,34,2018-01-04,22.32
9,35,2018-01-04,59.07
9,36,2018-01-04,64.91
9,37,2018-01-04,27.07
9,38,2018-01-04,68.4
9,39,2018-01-04,40.46
9,40,2018-01-04,25.31
9,41,2018-01-04,17.79
9,42,2018-01-04,30.97
9,43,2018-01-04,47.2
9,44,2018-01-04,24.04
9,45,2018-01-04,67.89
9,46,2018-01-04,51.32
9,47,2018-01-04,19.77
9,48,2018-01-04,41.71
9,49,2018-01-04,25.33
9,50,2018-01-04,55.71
10,1,2018-01-04,18.41
10,2,2018-01-04,49.08
10,3,2018-01-04,31.95
10,4,2018-01-04,20.84
10,5,2018-01-04,16.62
10,6,2018-01-04,51.39
10,7,2018-01-04,52.56
10,8,2018-01-04,65.58
10,9,2018-01-04,43.92
10,10,2018-01-04,64.71
10,11,2018-01-04,65.03
10,12,2018-01-04,65.66
10,13,2018-01-04,71.35
10,14,2018-01-04,51.68
10,15,2018-01-04,80.72
10,16,2018-01-04,23.71
10,17,2018-01-04,30.93
10,18,2018-01-04,73.24
10,19,2018-01-04,34.64
10,20,2018-01-04,42.1
10,21,2018-01-04,36.56
10,22,2018-01-04,72.2
10,23,2018-01-04,30.47
10,24,2018-01-04,63.24
10,25,2018-01-04,74.48
10,26,2018-01-04,42.76
10,27,2018-01-04,21.4
10,28,2018-01-04,77.58
10,29,2018-01-04,65.35
10,30,2018-01-04,34.69
10,31,2018-01-04,52.95
10,32,2018-01-04,37.39
10,33,2018-01-04,63.04
10,34,2018-01-04,23.89
10,35,2018-01-04,57.73
10,36,2018-01-04,69.78
10,37,2018-01-04,29.38
10,38,2018-01-04,72.46
10,39,2018-01-04,39.23
10,40,2018-01-04,28.29
10,41,2018-01-04,19.48
10,42,2018-01-04,33.09
10,43,2018-01-04,47.96
10,44,2018-01-04,28.93
10,45,2018-01-04,70.43
10,46,2018-01-04,54.58
10,47,2018-01-04,16.72
10,48,2018-01-04,43.66
10,49,2018-01-04,28.43
10,50,2018-01-04,62.11
1,1,2018-01-05,17.93
1,2,2018-01-05,49.42
1,3,2018-01-05,27.25
1,4,2018-01-05,16.89
1,5,2018-01-05,15.35
1,6,2018-01-05,47.1
1,7,2018-01-05,48.72
1,8,2018-01-05,57.99
1,9,2018-01-05,40.84
1,10,2018-01-05,60.59
1,11,2018-01-05,51.58
1,12,2018-01-05,53.4
1,13,2018-01-05,65.61
1,14,2018-01-05,45.29
1,15,2018-01-05,67.9
1,16,2018-01-05,21.73
1,17,2018-01-05,27.7
1,18,2018-01-05,67.04
1,19,2018-01-05,34.27
1,20,2018-01-05,41.89
1,21,2018-01-05,30.2
1,22,2018-01-05,63.23
1,23,2018-01-05,22.66
1,24,2018-01-05,46.98
1,25,2018-01-05,61.38
1,26,2018-01-05,40.89
1,27,2018-01-05,18.74
1,28,2018-01-05,67.66
1,29,2018-01-05,54.55
1,30,2018-01-05,30.74
1,31,2018-01-05,43.41
1,32,2018-01-05,34.53
1,33,2018-01-05,55.21
1,34,2018-01-05,23.5
1,35,2018-01-05,53.34
1,36,2018-01-05,60.69
1,37,2018-01-05,19.33
1,38,2018-01-05,61.6
1,39,2018-01-05,35.02
1,40,2018-01-05,23.64
1,41,2018-01-05,18.28
1,42,2018-01-05,25.79
1,43,2018-01-05,40.2
1,44,2018-01-05,24.37
1,45,2018-01-05,63.81
1,46,2018-01-05,46.88
1,47,2018-01-05,17.01
1,48,2018-01-05,42.28
1,49,2018-01-05,22.48
1,50,2018-01-05,52.93
2,1,2018-01-05,23.79
2,2,2018-01-05,66.84
2,3,2018-01-05,40.12
2,4,2018-01-05,24.9
2,5,2018-01-05,20.67
2,6,2018-01-05,63.87
2,7,2018-01-05,63.15
2,8,2018-01-05,82.22
2,9,2018-01-05,55.74
2,10,2018-01-05,80.18
2,11,2018-01-05,80.16
2,12,2018-01-05,77.05
2,13,2018-01-05,93.15
2,14,2018-01-05,64.4
2,15,2018-01-05,95.21
2,16,2018-01-05,24.74
2,17,2018-01-05,37.27
2,18,2018-01-05,87.02
2,19,2018-01-05,43.61
2,20,2018-01-05,50.76
2,21,2018-01-05,42.65
2,22,2018-01-05,85.84
2,23,2018-01-05,34.4
2,24,2018-01-05,68.8
2,25,2018-01-05,89.04
2,26,2018-01-05,57.61
2,27,2018-01-05,26.26
2,28,2018-01-05,95.36
2,29,2018-01-05,80.82
2,30,2018-01-05,44.94
2,31,2018-01-05,64.6
2,32,2018-01-05,51.83
2,33,2018-01-05,71.73
2,34,2018-01-05,27.34
2,35,2018-01-05,68.48
2,36,2018-01-05,84.44
2,37,2018-01-05,31.34
2,38,2018-01-05,90.31
2,39,2018-01-05,46.92
2,40,2018-01-05,35.54
2,41,2018-01-05,24.24
2,42,2018-01-05,46.99
2,43,2018-01-05,57.4
2,44,2018-01-05,32.62
2,45,2018-01-05,91.03
2,46,2018-01-05,64.67
2,47,2018-01-05,24.35
2,48,2018-01-05,57.07
2,49,2018-01-05,34.25
2,50,2018-01-05,68.42
3,1,2018-01-05,21.68
3,2,2018-01-05,59.64
3,3,2018-01-05,35.06
3,4,2018-01-05,22.1
3,5,2018-01-05,18.8
3,6,2018-01-05,55.6
3,7,2018-01-05,57.75
3,8,2018-01-05,71.6
3,9,2018-01-05,49.95
3,10,2018-01-05,65.38
3,11,2018-01-05,69.46
3,12,2018-01-05,69.44
3,13,2018-01-05,82.39
3,14,2018-01-05,61.99
3,15,2018-01-05,85.94
3,16,2018-01-05,28.3
3,17,2018-01-05,33.96
3,18,2018-01-05,79.82
3,19,2018-01-05,38.29
3,20,2018-01-05,47.3
3,21,2018-01-05,39.79
3,22,2018-01-05,78.83
3,23,2018-01-05,31.85
3,24,2018-01-05,75.89
3,25,2018-01-05,77.31
3,26,2018-01-05,44.6
3,27,2018-01-05,24.61
3,28,2018-01-05,80.54
3,29,2018-01-05,70.23
3,30,2018-01-05,39.91
3,31,2018-01-05,59.38
3,32,2018-01-05,46.33
3,33,2018-01-05,72.3
3,34,2018-01-05,27.01
3,35,2018-01-05,67.14
3,36,2018-01-05,78.56
3,37,2018-01-05,29.16
3,38,2018-01-05,76.67
3,39,2018-01-05,48.27
3,40,2018-01-05,28.91
3,41,2018-01-05,21.63
3,42,2018-01-05,37.16
3,43,2018-01-05,45.29
3,44,2018-01-05,29.61
3,45,2018-01-05,79.09
3,46,2018-01-05,57.44
3,47,2018-01-05,20.86
3,48,2018-01-05,53.25
3,49,2018-01-05,30.73
3,50,2018-01-05,61.2
4,1,2018-01-05,19.95
4,2,2018-01-05,50.82
4,3,2018-01-05,35.54
4,4,2018-01-05,23.94
4,5,2018-01-05,17.09
4,6,2018-01-05,52.73
4,7,2018-01-05,53.87
4,8,2018-01-05,66.8
4,9,2018-01-05,48.45
4,10,2018-01-05,65.09
4,11,2018-01-05,67.65
4,12,2018-01-05,67.58
4,13,2018-01-05,79.73
4,14,2018-01-05,52.76
4,15,2018-01-05,81.96
4,16,2018-01-05,21.48
4,17,2018-01-05,27.45
4,18,2018-01-05,77.28
4,19,2018-01-05,40.14
4,20,2018-01-05,42.5
4,21,2018-01-05,36.86
4,22,2018-01-05,74.85
4,23,2018-01-05,22.88
4,24,2018-01-05,58.22
4,25,2018-01-05,76.18
4,26,2018-01-05,41.92
4,27,2018-01-05,20.05
4,28,2018-01-05,78.63
4,29,2018-01-05,64.71
4,30,2018-01-05,38.78
4,31,2018-01-05,56.1
4,32,2018-01-05,39.81
4,33,2018-01-05,62.37
4,34,2018-01-05,25.42
4,35,2018-01-05,60.29
4,36,2018-01-05,71.72
4,37,2018-01-05,28.92
4,38,2018-01-05,71.74
4,39,2018-01-05,40.32
4,40,2018-01-05,26.49
4,41,2018-01-05,19.77
4,42,2018-01-05,32.76
4,43,2018-01-05,47.99
4,44,2018-01-05,28.08
4,45,2018-01-05,70.41
4,46,2018-01-05,55.85
4,47,2018-01-05,22.14
4,48,2018-01-05,49.99
4,49,2018-01-05,26.94
4,50,2018-01-05,60.8
5,1,2018-01-05,15.99
5,2,2018-01-05,36.79
5,3,2018-01-05,25.89
5,4,2018-01-05,13.46
5,5,2018-01-05,11.18
5,6,2018-01-05,36.92
5,7,2018-01-05,38.44
5,8,2018-01-05,50.67
5,9,2018-01-05,36.69
5,10,2018-01-05,48.35
5,11,2018-01-05,46.37
5,12,2018-01-05,44.2
5,13,2018-01-05,54.07
5,14,2018-01-05,44.53
5,15,2018-01-05,63.55
5,16,2018-01-05,16.88
5,17,2018-01-05,19.36
5,18,2018-01-05,59.87
5,19,2018-01-05,25.05
5,20,2018-01-05,30.75
5,21,2018-01-05,23.46
5,22,2018-01-05,51.91
5,23,2018-01-05,17.46
5,24,2018-01-05,40.29
5,25,2018-01-05,54.08
5,26,2018-01-05,28.18
5,27,2018-01-05,14.7
5,28,2018-01-05,64.6
5,29,2018-01-05,43.65
5,30,2018-01-05,29.18
5,31,2018-01-05,39.57
5,32,2018-01-05,30.97
5,33,2018-01-05,43.42
5,34,2018-01-05,16.4
5,35,2018-01-05,43.62
5,36,2018-01-05,50.53
5,37,2018-01-05,19.35
5,38,2018-01-05,56.85
5,39,2018-01-05,30.93
5,40,2018-01-05,18.62
5,41,2018-01-05,13.42
5,42,2018-01-05,24.25
5,43,2018-01-05,32.95
5,44,2018-01-05,18.97
5,45,2018-01-05,53.51
5,46,2018-01-05,40.78
5,47,2018-01-05,16.01
5,48,2018-01-05,36.56
5,49,2018-01-05,17.01
5,50,2018-01-05,40.5
6,1,2018-01-05,12.67
6,2,2018-01-05,39.68
6,3,2018-01-05,27.06
6,4,2018-01-05,12.18
6,5,2018-01-05,10.68
6,6,2018-01-05,36.64
6,7,2018-01-05,41.82
6,8,2018-01-05,51.21
6,9,2018-01-05,39.91
6,10,2018-01-05,49.73
6,11,2018-01-05,45.9
6,12,2018-01-05,45.71
6,13,2018-01-05,54.74
6,14,2018-01-05,37.13
6,15,2018-01-05,55.12
6,16,2018-01-05,18.61
6,17,2018-01-05,21.71
6,18,2018-01-05,52.21
6,19,2018-01-05,25.36
6,20,2018-01-05,33.37
6,21,2018-01-05,28.39
6,22,2018-01-05,52.5
6,23,2018-01-05,20.67
6,24,2018-01-05,42.12
6,25,2018-01-05,55.08
6,26,2018-01-05,32.14
6,27,2018-01-05,13.27
6,28,2018-01-05,58.34
6,29,2018-01-05,40.97
6,30,2018-01-05,26.63
6,31,2018-01-05,35.87
6,32,2018-01-05,28.54
6,33,2018-01-05,45.1
6,34,2018-01-05,16.02
6,35,2018-01-05,43.06
6,36,2018-01-05,51.24
6,37,2018-01-05,17.96
6,38,2018-01-05,55.67
6,39,2018-01-05,26.97
6,40,2018-01-05,21.03
6,41,2018-01-05,14.29
6,42,2018-01-05,24.3
6,43,2018-01-05,31.81
6,44,2018-01-05,18.65
6,45,2018-01-05,50.45
6,46,2018-01-05,42.66
6,47,2018-01-05,15.66
6,48,2018-01-05,30.21
6,49,2018-01-05,18.65
6,50,2018-01-05,42.03
7,1,2018-01-05,14.3
7,2,2018-01-05,34.5
7,3,2018-01-05,23.76
7,4,2018-01-05,12.83
7,5,2018-01-05,11.22
7,6,2018-01-05,34.51
7,7,2018-01-05,40.09
7,8,2018-01-05,51.0
7,9,2018-01-05,29.94
7,10,2018-01-05,44.04
7,11,2018-01-05,42.42
7,12,2018-01-05,42.27
7,13,2018-01-05,48.31
7,14,2018-01-05,36.62
7,15,2018-01-05,52.69
7,16,2018-01-05,15.49
7,17,2018-01-05,18.36
7,18,2018-01-05,52.61
7,19,2018-01-05,24.99
7,20,2018-01-05,30.43
7,21,2018-01-05,25.49
7,22,2018-01-05,52.14
7,23,2018-01-05,13.72
7,24,2018-01-05,42.73
7,25,2018-01-05,50.02
7,26,2018-01-05,26.8
7,27,2018-01-05,13.11
7,28,2018-01-05,54.02
7,29,2018-01-05,45.67
7,30,2018-01-05,25.57
7,31,2018-01-05,36.52
7,32,2018-01-05,28.27
7,33,2018-01-05,45.01
7,34,2018-01-05,16.22
7,35,2018-01-05,40.38
7,36,2018-01-05,46.52
7,37,2018-01-05,17.49
7,38,2018-01-05,45.19
7,39,2018-01-05,23.37
7,40,2018-01-05,17.63
7,41,2018-01-05,13.76
7,42,2018-01-05,22.29
7,43,2018-01-05,32.93
7,44,2018-01-05,18.19
7,45,2018-01-05,50.72
7,46,2018-01-05,35.41
7,47,2018-01-05,13.41
7,48,2018-01-05,34.19
7,49,2018-01-05,16.45
7,50,2018-01-05,38.83
8,1,2018-01-05,26.19
8,2,2018-01-05,65.02
8,3,2018-01-05,42.98
8,4,2018-01-05,20.84
8,5,2018-01-05,20.86
8,6,2018-01-05,64.14
8,7,2018-01-05,63.24
8,8,2018-01-05,77.53
8,9,2018-01-05,56.93
8,10,2018-01-05,72.72
8,11,2018-01-05,73.4
8,12,2018-01-05,71.64
8,13,2018-01-05,80.67
8,14,2018-01-05,61.88
8,15,2018-01-05,91.03
8,16,2018-01-05,24.18
8,17,2018-01-05,34.92
8,18,2018-01-05,84.77
8,19,2018-01-05,44.34
8,20,2018-01-05,51.28
8,21,2018-01-05,45.0
8,22,2018-01-05,76.33
8,23,2018-01-05,34.08
8,24,2018-01-05,72.88
8,25,2018-01-05,83.09
8,26,2018-01-05,50.35
8,27,2018-01-05,24.63
8,28,2018-01-05,85.0
8,29,2018-01-05,75.29
8,30,2018-01-05,37.66
8,31,2018-01-05,64.68
8,32,2018-01-05,45.43
8,33,2018-01-05,69.46
8,34,2018-01-05,32.21
8,35,2018-01-05,68.19
8,36,2018-01-05,82.5
8,37,2018-01-05,32.06
8,38,2018-01-05,81.34
8,39,2018-01-05,47.12
8,40,2018-01-05,30.81
8,41,2018-01-05,24.49
8,42,2018-01-05,38.71
8,43,2018-01-05,54.65
8,44,2018-01-05,32.88
8,45,2018-01-05,84.98
8,46,2018-01-05,61.48
8,47,2018-01-05,21.79
8,48,2018-01-05,57.64
8,49,2018-01-05,32.54
8,50,2018-01-05,67.66
9,1,2018-01-05,19.66
9,2,2018-01-05,55.05
9,3,2018-01-05,33.64
9,4,2018-01-05,19.98
9,5,2018-01-05,18.39
9,6,2018-01-05,52.61
9,7,2018-01-05,54.85
9,8,2018-01-05,73.64
9,9,2018-01-05,48.01
9,10,2018-01-05,67.18
9,11,2018-01-05,66.97
9,12,2018-01-05,64.69
9,13,2018-01-05,74.21
9,14,2018-01-05,51.26
9,15,2018-01-05,80.75
9,16,2018-01-05,22.76
9,17,2018-01-05,29.83
9,18,2018-01-05,72.35
9,19,2018-01-05,40.17
9,20,2018-01-05,42.66
9,21,2018-01-05,35.1
9,22,2018-01-05,71.99
9,23,2018-01-05,25.81
9,24,2018-01-05,63.07
9,25,2018-01-05,74.48
9,26,2018-01-05,41.76
9,27,2018-01-05,21.74
9,28,2018-01-05,78.0
9,29,2018-01-05,67.4
9,30,2018-01-05,39.87
9,31,2018-01-05,56.61
9,32,2018-01-05,41.68
9,33,2018-01-05,61.9
9,34,2018-01-05,20.74
9,35,2018-01-05,65.57
9,36,2018-01-05,73.68
9,37,2018-01-05,28.05
9,38,2018-01-05,73.52
9,39,2018-01-05,42.9
9,40,2018-01-05,25.05
9,41,2018-01-05,17.31
9,42,2018-01-05,31.67
9,43,2018-01-05,51.07
9,44,2018-01-05,25.12
9,45,2018-01-05,72.67
9,46,2018-01-05,51.76
9,47,2018-01-05,20.82
9,48,2018-01-05,44.71
9,49,2018-01-05,25.62
9,50,2018-01-05,61.41
10,1,2018-01-05,22.11
10,2,2018-01-05,51.39
10,3,2018-01-05,34.62
10,4,2018-01-05,20.44
10,5,2018-01-05,18.2
10,6,2018-01-05,54.91
10,7,2018-01-05,55.31
10,8,2018-01-05,69.55
10,9,2018-01-05,48.32
10,10,2018-01-05,69.15
10,11,2018-01-05,69.77
10,12,2018-01-05,70.6
10,13,2018-01-05,76.12
10,14,2018-01-05,51.14
10,15,2018-01-05,85.82
10,16,2018-01-05,24.29
10,17,2018-01-05,32.98
10,18,2018-01-05,81.48
10,19,2018-01-05,37.52
10,20,2018-01-05,45.26
10,21,2018-01-05,38.75
10,22,2018-01-05,76.45
10,23,2018-01-05,32.25
10,24,2018-01-05,64.45
10,25,2018-01-05,76.97
10,26,2018-01-05,44.53
10,27,2018-01-05,21.74
10,28,2018-01-05,82.84
10,29,2018-01-05,70.92
10,30,2018-01-05,38.59
10,31,2018-01-05,55.92
10,32,2018-01-05,39.46
10,33,2018-01-05,67.92
10,34,2018-01-05,23.63
10,35,2018-01-05,62.42
10,36,2018-01-05,73.35
10,37,2018-01-05,29.48
10,38,2018-01-05,77.0
10,39,2018-01-05,41.32
10,40,2018-01-05,29.47
10,41,2018-01-05,20.04
10,42,2018-01-05,32.91
10,43,2018-01-05,49.86
10,44,2018-01-05,28.53
10,45,2018-01-05,71.49
10,46,2018-01-05,60.51
10,47,2018-01-05,18.58
10,48,2018-01-05,50.81
10,49,2018-01-05,31.04
10,50,2018-01-05,65.98
1,1,2018-01-06,20.47
1,2,2018-01-06,53.35
1,3,2018-01-06,28.67
1,4,2018-01-06,17.09
1,5,2018-01-06,17.43
1,6,2018-01-06,48.21
1,7,2018-01-06,50.86
1,8,2018-01-06,62.85
1,9,2018-01-06,41.34
1,10,2018-01-06,63.99
1,11,2018-01-06,56.25
1,12,2018-01-06,56.15
1,13,2018-01-06,68.22
1,14,2018-01-06,47.79
1,15,2018-01-06,71.92
1,16,2018-01-06,24.72
1,17,2018-01-06,30.45
1,18,2018-01-06,71.4
1,19,2018-01-06,33.78
1,20,2018-01-06,41.87
1,21,2018-01-06,31.59
1,22,2018-01-06,66.35
1,23,2018-01-06,27.02
1,24,2018-01-06,51.88
1,25,2018-01-06,67.8
1,26,2018-01-06,45.41
1,27,2018-01-06,19.72
1,28,2018-01-06,70.08
1,29,2018-01-06,58.9
1,30,2018-01-06,32.87
1,31,2018-01-06,44.68
1,32,2018-01-06,34.95
1,33,2018-01-06,58.41
1,34,2018-01-06,24.22
1,35,2018-01-06,52.73
1,36,2018-01-06,66.06
1,37,2018-01-06,21.22
1,38,2018-01-06,68.25
1,39,2018-01-06,35.43
1,40,2018-01-06,25.51
1,41,2018-01-06,19.73
1,42,2018-01-06,28.4
1,43,2018-01-06,43.48
1,44,2018-01-06,24.01
1,45,2018-01-06,63.53
1,46,2018-01-06,49.6
1,47,2018-01-06,16.46
1,48,2018-01-06,44.78
1,49,2018-01-06,26.68
1,50,2018-01-06,55.29
2,1,2018-01-06,25.22
2,2,2018-01-06,64.42
2,3,2018-01-06,42.71
2,4,2018-01-06,27.85
2,5,2018-01-06,20.89
2,6,2018-01-06,63.87
2,7,2018-01-06,69.17
2,8,2018-01-06,87.17
2,9,2018-01-06,61.09
2,10,2018-01-06,83.86
2,11,2018-01-06,80.91
2,12,2018-01-06,80.0
2,13,2018-01-06,95.08
2,14,2018-01-06,66.42
2,15,2018-01-06,95.68
2,16,2018-01-06,27.0
2,17,2018-01-06,39.54
2,18,2018-01-06,87.4
2,19,2018-01-06,46.02
2,20,2018-01-06,49.84
2,21,2018-01-06,46.73
2,22,2018-01-06,93.49
2,23,2018-01-06,34.61
2,24,2018-01-06,74.33
2,25,2018-01-06,92.43
2,26,2018-01-06,60.0
2,27,2018-01-06,29.57
2,28,2018-01-06,94.0
2,29,2018-01-06,78.91
2,30,2018-01-06,46.0
2,31,2018-01-06,68.22
2,32,2018-01-06,55.78
2,33,2018-01-06,80.46
2,34,2018-01-06,30.49
2,35,2018-01-06,79.52
2,36,2018-01-06,87.74
2,37,2018-01-06,30.58
2,38,2018-01-06,93.58
2,39,2018-01-06,51.2
2,40,2018-01-06,37.93
2,41,2018-01-06,25.58
2,42,2018-01-06,48.47
2,43,2018-01-06,62.93
2,44,2018-01-06,31.15
2,45,2018-01-06,92.85
2,46,2018-01-06,67.26
2,47,2018-01-06,25.36
2,48,2018-01-06,60.95
2,49,2018-01-06,34.09
2,50,2018-01-06,73.27
3,1,2018-01-06,22.35
3,2,2018-01-06,61.76
3,3,2018-01-06,33.61
3,4,2018-01-06,22.66
3,5,2018-01-06,20.12
3,6,2018-01-06,59.12
3,7,2018-01-06,60.88
3,8,2018-01-06,79.11
3,9,2018-01-06,55.91
3,10,2018-01-06,69.44
3,11,2018-01-06,73.07
3,12,2018-01-06,71.67
3,13,2018-01-06,87.33
3,14,2018-01-06,65.83
3,15,2018-01-06,89.16
3,16,2018-01-06,30.89
3,17,2018-01-06,35.16
3,18,2018-01-06,84.01
3,19,2018-01-06,40.71
3,20,2018-01-06,51.89
3,21,2018-01-06,42.41
3,22,2018-01-06,82.86
3,23,2018-01-06,31.87
3,24,2018-01-06,77.22
3,25,2018-01-06,82.83
3,26,2018-01-06,47.98
3,27,2018-01-06,26.14
3,28,2018-01-06,85.79
3,29,2018-01-06,73.41
3,30,2018-01-06,46.25
3,31,2018-01-06,60.98
3,32,2018-01-06,48.99
3,33,2018-01-06,76.12
3,34,2018-01-06,30.67
3,35,2018-01-06,75.64
3,36,2018-01-06,80.38
3,37,2018-01-06,32.37
3,38,2018-01-06,83.85
3,39,2018-01-06,47.62
3,40,2018-01-06,32.92
3,41,2018-01-06,23.79
3,42,2018-01-06,37.85
3,43,2018-01-06,51.86
3,44,2018-01-06,30.9
3,45,2018-01-06,80.32
3,46,2018-01-06,62.31
3,47,2018-01-06,23.49
3,48,2018-01-06,54.97
3,49,2018-01-06,33.85
3,50,2018-01-06,69.04
4,1,2018-01-06,22.07
4,2,2018-01-06,54.32
4,3,2018-01-06,40.64
4,4,2018-01-06,24.47
4,5,2018-01-06,17.95
4,6,2018-01-06,54.64
4,7,2018-01-06,57.56
4,8,2018-01-06,74.45
4,9,2018-01-06,49.67
4,10,2018-01-06,67.66
4,11,2018-01-06,71.84
4,12,2018-01-06,68.04
4,13,2018-01-06,86.24
4,14,2018-01-06,57.11
4,15,2018-01-06,82.95
4,16,2018-01-06,23.96
4,17,2018-01-06,27.82
4,18,2018-01-06,83.95
4,19,2018-01-06,41.16
4,20,2018-01-06,45.4
4,21,2018-01-06,40.8
4,22,2018-01-06,79.86
4,23,2018-01-06,26.3
4,24,2018-01-06,60.14
4,25,2018-01-06,80.23
4,26,2018-01-06,46.57
4,27,2018-01-06,21.03
4,28,2018-01-06,83.82
4,29,2018-01-06,68.14
4,30,2018-01-06,38.7
4,31,2018-01-06,62.32
4,32,2018-01-06,43.2
4,33,2018-01-06,67.94
4,34,2018-01-06,26.7
4,35,2018-01-06,57.15
4,36,2018-01-06,76.02
4,37,2018-01-06,29.7
4,38,2018-01-06,76.82
4,39,2018-01-06,42.9
4,40,2018-01-06,26.46
4,41,2018-01-06,23.04
4,42,2018-01-06,34.57
4,43,2018-01-06,50.05
4,44,2018-01-06,30.32
4,45,2018-01-06,72.95
4,46,2018-01-06,58.69
4,47,2018-01-06,23.36
4,48,2018-01-06,46.94
4,49,2018-01-06,27.7
4,50,2018-01-06,63.34
5,1,2018-01-06,17.34
5,2,2018-01-06,38.63
5,3,2018-01-06,26.31
5,4,2018-01-06,15.93
5,5,2018-01-06,13.88
5,6,2018-01-06,38.84
5,7,2018-01-06,39.82
5,8,2018-01-06,58.86
5,9,2018-01-06,37.31
5,10,2018-01-06,52.43
5,11,2018-01-06,49.39
5,12,2018-01-06,44.8
5,13,2018-01-06,55.4
5,14,2018-01-06,45.81
5,15,2018-01-06,66.32
5,16,2018-01-06,16.81
5,17,2018-01-06,21.57
5,18,2018-01-06,57.57
5,19,2018-01-06,27.39
5,20,2018-01-06,33.43
5,21,2018-01-06,26.8
5,22,2018-01-06,54.88
5,23,2018-01-06,17.89
5,24,2018-01-06,43.02
5,25,2018-01-06,56.17
5,26,2018-01-06,32.9
5,27,2018-01-06,16.0
5,28,2018-01-06,66.84
5,29,2018-01-06,49.19
5,30,2018-01-06,29.91
5,31,2018-01-06,38.68
5,32,2018-01-06,30.18
5,33,2018-01-06,43.54
5,34,2018-01-06,16.07
5,35,2018-01-06,46.01
5,36,2018-01-06,54.6
5,37,2018-01-06,19.92
5,38,2018-01-06,58.37
5,39,2018-01-06,30.16
5,40,2018-01-06,18.78
5,41,2018-01-06,16.48
5,42,2018-01-06,25.92
5,43,2018-01-06,34.36
5,44,2018-01-06,20.65
5,45,2018-01-06,56.16
5,46,2018-01-06,42.47
5,47,2018-01-06,15.1
5,48,2018-01-06,39.61
5,49,2018-01-06,18.89
5,50,2018-01-06,44.72
6,1,2018-01-06,13.61
6,2,2018-01-06,42.12
6,3,2018-01-06,29.37
6,4,2018-01-06,12.55
6,5,2018-01-06,13.25
6,6,2018-01-06,38.18
6,7,2018-01-06,44.4
6,8,2018-01-06,55.66
6,9,2018-01-06,44.08
6,10,2018-01-06,53.0
6,11,2018-01-06,50.74
6,12,2018-01-06,49.52
6,13,2018-01-06,58.23
6,14,2018-01-06,38.31
6,15,2018-01-06,59.41
6,16,2018-01-06,17.96
6,17,2018-01-06,22.23
6,18,2018-01-06,58.14
6,19,2018-01-06,26.86
6,20,2018-01-06,34.56
6,21,2018-01-06,29.78
6,22,2018-01-06,56.78
6,23,2018-01-06,20.4
6,24,2018-01-06,47.61
6,25,2018-01-06,56.37
6,26,2018-01-06,35.63
6,27,2018-01-06,14.62
6,28,2018-01-06,62.69
6,29,2018-01-06,43.67
6,30,2018-01-06,26.13
6,31,2018-01-06,37.23
6,32,2018-01-06,30.45
6,33,2018-01-06,52.19
6,34,2018-01-06,19.37
6,35,2018-01-06,48.71
6,36,2018-01-06,52.26
6,37,2018-01-06,19.32
6,38,2018-01-06,58.51
6,39,2018-01-06,29.32
6,40,2018-01-06,22.77
6,41,2018-01-06,16.09
6,42,2018-01-06,25.89
6,43,2018-01-06,33.4
6,44,2018-01-06,19.98
6,45,2018-01-06,54.26
6,46,2018-01-06,42.24
6,47,2018-01-06,15.59
6,48,2018-01-06,32.86
6,49,2018-01-06,20.91
6,50,2018-01-06,48.39
7,1,2018-01-06,15.27
7,2,2018-01-06,34.93
7,3,2018-01-06,23.73
7,4,2018-01-06,12.94
7,5,2018-01-06,11.11
7,6,2018-01-06,37.54
7,7,2018-01-06,41.22
7,8,2018-01-06,50.11
7,9,2018-01-06,31.47
7,10,2018-01-06,46.45
7,11,2018-01-06,43.1
7,12,2018-01-06,48.53
7,13,2018-01-06,52.86
7,14,2018-01-06,38.06
7,15,2018-01-06,54.67
7,16,2018-01-06,16.78
7,17,2018-01-06,21.63
7,18,2018-01-06,55.48
7,19,2018-01-06,24.62
7,20,2018-01-06,29.23
7,21,2018-01-06,27.11
7,22,2018-01-06,54.15
7,23,2018-01-06,14.86
7,24,2018-01-06,44.01
7,25,2018-01-06,52.81
7,26,2018-01-06,30.38
7,27,2018-01-06,12.03
7,28,2018-01-06,55.6
7,29,2018-01-06,50.14
7,30,2018-01-06,27.27
7,31,2018-01-06,39.66
7,32,2018-01-06,29.27
7,33,2018-01-06,47.38
7,34,2018-01-06,17.7
7,35,2018-01-06,41.26
7,36,2018-01-06,49.13
7,37,2018-01-06,17.6
7,38,2018-01-06,45.98
7,39,2018-01-06,28.21
7,40,2018-01-06,18.59
7,41,2018-01-06,13.37
7,42,2018-01-06,21.26
7,43,2018-01-06,35.42
7,44,2018-01-06,19.64
7,45,2018-01-06,50.14
7,46,2018-01-06,36.74
7,47,2018-01-06,14.63
7,48,2018-01-06,32.6
7,49,2018-01-06,16.79
7,50,2018-01-06,42.78
8,1,2018-01-06,24.75
8,2,2018-01-06,71.47
8,3,2018-01-06,44.22
8,4,2018-01-06,22.5
8,5,2018-01-06,23.27
8,6,2018-01-06,68.96
8,7,2018-01-06,71.15
8,8,2018-01-06,82.33
8,9,2018-01-06,58.45
8,10,2018-01-06,75.42
8,11,2018-01-06,77.67
8,12,2018-01-06,77.02
8,13,2018-01-06,87.72
8,14,2018-01-06,66.32
8,15,2018-01-06,99.22
8,16,2018-01-06,24.82
8,17,2018-01-06,37.42
8,18,2018-01-06,91.7
8,19,2018-01-06,48.67
8,20,2018-01-06,49.82
8,21,2018-01-06,51.17
8,22,2018-01-06,84.27
8,23,2018-01-06,35.47
8,24,2018-01-06,77.87
8,25,2018-01-06,87.18
8,26,2018-01-06,52.42
8,27,2018-01-06,24.74
8,28,2018-01-06,90.09
8,29,2018-01-06,80.57
8,30,2018-01-06,39.61
8,31,2018-01-06,67.27
8,32,2018-01-06,48.27
8,33,2018-01-06,74.99
8,34,2018-01-06,36.29
8,35,2018-01-06,72.63
8,36,2018-01-06,81.3
8,37,2018-01-06,35.78
8,38,2018-01-06,85.79
8,39,2018-01-06,50.44
8,40,2018-01-06,31.71
8,41,2018-01-06,25.98
8,42,2018-01-06,41.61
8,43,2018-01-06,58.6
8,44,2018-01-06,35.75
8,45,2018-01-06,88.58
8,46,2018-01-06,64.23
8,47,2018-01-06,25.14
8,48,2018-01-06,57.7
8,49,2018-01-06,36.38
8,50,2018-01-06,70.76
9,1,2018-01-06,20.51
9,2,2018-01-06,58.4
9,3,2018-01-06,34.51
9,4,2018-01-06,19.52
9,5,2018-01-06,18.87
9,6,2018-01-06,55.86
9,7,2018-01-06,61.6
9,8,2018-01-06,73.71
9,9,2018-01-06,50.22
9,10,2018-01-06,72.51
9,11,2018-01-06,70.81
9,12,2018-01-06,65.63
9,13,2018-01-06,79.98
9,14,2018-01-06,55.54
9,15,2018-01-06,79.24
9,16,2018-01-06,24.64
9,17,2018-01-06,32.75
9,18,2018-01-06,78.37
9,19,2018-01-06,42.14
9,20,2018-01-06,50.97
9,21,2018-01-06,37.6
9,22,2018-01-06,79.01
9,23,2018-01-06,28.74
9,24,2018-01-06,65.69
9,25,2018-01-06,82.22
9,26,2018-01-06,45.4
9,27,2018-01-06,20.76
9,28,2018-01-06,84.29
9,29,2018-01-06,69.61
9,30,2018-01-06,40.34
9,31,2018-01-06,58.87
9,32,2018-01-06,45.03
9,33,2018-01-06,64.21
9,34,2018-01-06,23.04
9,35,2018-01-06,66.05
9,36,2018-01-06,75.57
9,37,2018-01-06,29.73
9,38,2018-01-06,77.1
9,39,2018-01-06,46.44
9,40,2018-01-06,26.12
9,41,2018-01-06,18.87
9,42,2018-01-06,35.12
9,43,2018-01-06,54.58
9,44,2018-01-06,28.11
9,45,2018-01-06,77.97
9,46,2018-01-06,56.15
9,47,2018-01-06,23.13
9,48,2018-01-06,49.41
9,49,2018-01-06,28.02
9,50,2018-01-06,62.28
10,1,2018-01-06,21.3
10,2,2018-01-06,54.01
10,3,2018-01-06,34.09
10,4,2018-01-06,22.96
10,5,2018-01-06,19.85
10,6,2018-01-06,56.54
10,7,2018-01-06,58.72
10,8,2018-01-06,73.81
10,9,2018-01-06,50.28
10,10,2018-01-06,73.43
10,11,2018-01-06,73.58
10,12,2018-01-06,74.12
10,13,2018-01-06,83.8
10,14,2018-01-06,56.44
10,15,2018-01-06,84.59
10,16,2018-01-06,25.32
10,17,2018-01-06,34.23
10,18,2018-01-06,84.16
10,19,2018-01-06,40.06
10,20,2018-01-06,46.63
10,21,2018-01-06,41.68
10,22,2018-01-06,82.27
10,23,2018-01-06,33.71
10,24,2018-01-06,69.01
10,25,2018-01-06,79.63
10,26,2018-01-06,46.72
10,27,2018-01-06,24.99
10,28,2018-01-06,88.19
10,29,2018-01-06,77.4
10,30,2018-01-06,38.24
10,31,2018-01-06,57.72
10,32,2018-01-06,42.45
10,33,2018-01-06,71.92
10,34,2018-01-06,25.01
10,35,2018-01-06,64.62
10,36,2018-01-06,81.37
10,37,2018-01-06,31.67
10,38,2018-01-06,82.64
10,39,2018-01-06,44.43
10,40,2018-01-06,30.39
10,41,2018-01-06,22.03
10,42,2018-01-06,37.27
10,43,2018-01-06,54.42
10,44,2018-01-06,29.81
10,45,2018-01-06,79.01
10,46,2018-01-06,63.8
10,47,2018-01-06,18.95
10,48,2018-01-06,52.5
10,49,2018-01-06,35.36
10,50,2018-01-06,68.07
1,1,2018-01-07,20.24
1,2,2018-01-07,54.34
1,3,2018-01-07,30.14
1,4,2018-01-07,18.54
1,5,2018-01-07,16.7
1,6,2018-01-07,51.5
1,7,2018-01-07,51.78
1,8,2018-01-07,67.42
1,9,2018-01-07,45.04
1,10,2018-01-07,67.2
1,11,2018-01-07,58.43
1,12,2018-01-07,61.41
1,13,2018-01-07,69.78
1,14,2018-01-07,53.2
1,15,2018-01-07,74.06
1,16,2018-01-07,24.77
1,17,2018-01-07,30.33
1,18,2018-01-07,73.75
1,19,2018-01-07,34.77
1,20,2018-01-07,44.62
1,21,2018-01-07,33.38
1,22,2018-01-07,68.48
1,23,2018-01-07,26.44
1,24,2018-01-07,54.6
1,25,2018-01-07,69.59
1,26,2018-01-07,46.57
1,27,2018-01-07,20.36
1,28,2018-01-07,74.99
1,29,2018-01-07,60.1
1,30,2018-01-07,32.75
1,31,2018-01-07,52.37
1,32,2018-01-07,39.19
1,33,2018-01-07,61.33
1,34,2018-01-07,25.29
1,35,2018-01-07,56.13
1,36,2018-01-07,68.8
1,37,2018-01-07,23.24
1,38,2018-01-07,71.12
1,39,2018-01-07,39.54
1,40,2018-01-07,26.98
1,41,2018-01-07,21.07
1,42,2018-01-07,28.95
1,43,2018-01-07,45.09
1,44,2018-01-07,29.13
1,45,2018-01-07,71.02
1,46,2018-01-07,53.65
1,47,2018-01-07,17.43
1,48,2018-01-07,45.77
1,49,2018-01-07,26.23
1,50,2018-01-07,55.89
2,1,2018-01-07,27.11
2,2,2018-01-07,70.09
2,3,2018-01-07,47.31
2,4,2018-01-07,26.86
2,5,2018-01-07,21.34
2,6,2018-01-07,67.68
2,7,2018-01-07,71.44
2,8,2018-01-07,82.49
2,9,2018-01-07,65.98
2,10,2018-01-07,85.13
2,11,2018-01-07,82.68
2,12,2018-01-07,87.31
2,13,2018-01-07,97.15
2,14,2018-01-07,71.73
2,15,2018-01-07,102.22
2,16,2018-01-07,28.65
2,17,2018-01-07,39.41
2,18,2018-01-07,92.85
2,19,2018-01-07,48.84
2,20,2018-01-07,55.95
2,21,2018-01-07,46.78
2,22,2018-01-07,96.19
2,23,2018-01-07,40.52
2,24,2018-01-07,78.15
2,25,2018-01-07,97.48
2,26,2018-01-07,62.92
2,27,2018-01-07,27.47
2,28,2018-01-07,100.11
2,29,2018-01-07,87.35
2,30,2018-01-07,48.69
2,31,2018-01-07,71.32
2,32,2018-01-07,57.52
2,33,2018-01-07,84.16
2,34,2018-01-07,31.06
2,35,2018-01-07,78.7
2,36,2018-01-07,90.09
2,37,2018-01-07,33.4
2,38,2018-01-07,92.2
2,39,2018-01-07,54.0
2,40,2018-01-07,39.23
2,41,2018-01-07,27.39
2,42,2018-01-07,48.83
2,43,2018-01-07,63.9
2,44,2018-01-07,34.24
2,45,2018-01-07,96.5
2,46,2018-01-07,72.37
2,47,2018-01-07,28.35
2,48,2018-01-07,60.49
2,49,2018-01-07,38.58
2,50,2018-01-07,74.42
3,1,2018-01-07,23.32
3,2,2018-01-07,63.56
3,3,2018-01-07,38.25
3,4,2018-01-07,25.33
3,5,2018-01-07,20.57
3,6,2018-01-07,61.63
3,7,2018-01-07,65.1
3,8,2018-01-07,78.37
3,9,2018-01-07,58.75
3,10,2018-01-07,71.73
3,11,2018-01-07,77.34
3,12,2018-01-07,77.54
3,13,2018-01-07,90.62
3,14,2018-01-07,67.18
3,15,2018-01-07,93.94
3,16,2018-01-07,31.88
3,17,2018-01-07,37.03
3,18,2018-01-07,90.24
3,19,2018-01-07,43.09
3,20,2018-01-07,54.04
3,21,2018-01-07,45.69
3,22,2018-01-07,86.22
3,23,2018-01-07,34.97
3,24,2018-01-07,83.38
3,25,2018-01-07,84.9
3,26,2018-01-07,50.69
3,27,2018-01-07,26.17
3,28,2018-01-07,94.01
3,29,2018-01-07,80.3
3,30,2018-01-07,47.31
3,31,2018-01-07,64.57
3,32,2018-01-07,53.18
3,33,2018-01-07,77.26
3,34,2018-01-07,30.28
3,35,2018-01-07,71.55
3,36,2018-01-07,86.94
3,37,2018-01-07,32.21
3,38,2018-01-07,86.39
3,39,2018-01-07,47.96
3,40,2018-01-07,33.25
3,41,2018-01-07,24.3
3,42,2018-01-07,42.41
3,43,2018-01-07,51.56
3,44,2018-01-07,32.67
3,45,2018-01-07,87.58
3,46,2018-01-07,66.67
3,47,2018-01-07,24.29
3,48,2018-01-07,58.78
3,49,2018-01-07,33.09
3,50,2018-01-07,70.59
4,1,2018-01-07,23.89
4,2,2018-01-07,57.74
4,3,2018-01-07,42.7
4,4,2018-01-07,26.86
4,5,2018-01-07,17.51
4,6,2018-01-07,58.62
4,7,2018-01-07,57.89
4,8,2018-01-07,76.11
4,9,2018-01-07,52.69
4,10,2018-01-07,71.92
4,11,2018-01-07,77.01
4,12,2018-01-07,73.84
4,13,2018-01-07,82.37
4,14,2018-01-07,60.74
4,15,2018-01-07,87.92
4,16,2018-01-07,26.51
4,17,2018-01-07,30.88
4,18,2018-01-07,87.17
4,19,2018-01-07,44.8
4,20,2018-01-07,48.03
4,21,2018-01-07,43.59
4,22,2018-01-07,83.94
4,23,2018-01-07,28.51
4,24,2018-01-07,62.74
4,25,2018-01-07,83.46
4,26,2018-01-07,48.98
4,27,2018-01-07,23.82
4,28,2018-01-07,88.23
4,29,2018-01-07,71.02
4,30,2018-01-07,43.11
4,31,2018-01-07,64.91
4,32,2018-01-07,44.98
4,33,2018-01-07,70.63
4,34,2018-01-07,26.89
4,35,2018-01-07,63.75
4,36,2018-01-07,82.47
4,37,2018-01-07,30.47
4,38,2018-01-07,77.84
4,39,2018-01-07,47.36
4,40,2018-01-07,27.32
4,41,2018-01-07,23.92
4,42,2018-01-07,40.1
4,43,2018-01-07,53.66
4,44,2018-01-07,32.24
4,45,2018-01-07,76.72
4,46,2018-01-07,59.41
4,47,2018-01-07,25.42
4,48,2018-01-07,50.0
4,49,2018-01-07,28.99
4,50,2018-01-07,66.16
5,1,2018-01-07,17.82
5,2,2018-01-07,43.07
5,3,2018-01-07,27.85
5,4,2018-01-07,14.03
5,5,2018-01-07,12.68
5,6,2018-01-07,42.27
5,7,2018-01-07,45.15
5,8,2018-01-07,57.65
5,9,2018-01-07,40.49
5,10,2018-01-07,54.99
5,11,2018-01-07,50.8
5,12,2018-01-07,47.87
5,13,2018-01-07,57.86
5,14,2018-01-07,48.33
5,15,2018-01-07,67.02
5,16,2018-01-07,21.23
5,17,2018-01-07,22.57
5,18,2018-01-07,65.11
5,19,2018-01-07,27.16
5,20,2018-01-07,34.05
5,21,2018-01-07,27.41
5,22,2018-01-07,57.97
5,23,2018-01-07,20.33
5,24,2018-01-07,46.42
5,25,2018-01-07,59.79
5,26,2018-01-07,32.53
5,27,2018-01-07,18.1
5,28,2018-01-07,68.67
5,29,2018-01-07,49.42
5,30,2018-01-07,31.04
5,31,2018-01-07,42.56
5,32,2018-01-07,32.61
5,33,2018-01-07,45.81
5,34,2018-01-07,18.72
5,35,2018-01-07,47.57
5,36,2018-01-07,55.16
5,37,2018-01-07,20.02
5,38,2018-01-07,61.87
5,39,2018-01-07,32.07
5,40,2018-01-07,20.52
5,41,2018-01-07,15.21
5,42,2018-01-07,26.91
5,43,2018-01-07,37.89
5,44,2018-01-07,20.93
5,45,2018-01-07,54.68
5,46,2018-01-07,46.05
5,47,2018-01-07,16.98
5,48,2018-01-07,40.5
5,49,2018-01-07,21.11
5,50,2018-01-07,46.84
6,1,2018-01-07,15.91
6,2,2018-01-07,45.08
6,3,2018-01-07,28.93
6,4,2018-01-07,14.34
6,5,2018-01-07,14.1
6,6,2018-01-07,40.69
6,7,2018-01-07,45.42
6,8,2018-01-07,57.69
6,9,2018-01-07,43.46
6,10,2018-01-07,55.14
6,11,2018-01-07,49.12
6,12,2018-01-07,54.05
6,13,2018-01-07,62.15
6,14,2018-01-07,41.72
6,15,2018-01-07,61.29
6,16,2018-01-07,20.88
6,17,2018-01-07,24.92
6,18,2018-01-07,60.82
6,19,2018-01-07,28.91
6,20,2018-01-07,36.01
6,21,2018-01-07,30.94
6,22,2018-01-07,59.43
6,23,2018-01-07,22.14
6,24,2018-01-07,47.72
6,25,2018-01-07,60.92
6,26,2018-01-07,34.25
6,27,2018-01-07,16.8
6,28,2018-01-07,63.97
6,29,2018-01-07,48.79
6,30,2018-01-07,27.65
6,31,2018-01-07,40.25
6,32,2018-01-07,33.49
6,33,2018-01-07,53.1
6,34,2018-01-07,20.86
6,35,2018-01-07,50.98
6,36,2018-01-07,57.39
6,37,2018-01-07,21.0
6,38,2018-01-07,58.94
6,39,2018-01-07,28.63
6,40,2018-01-07,22.37
6,41,2018-01-07,18.44
6,42,2018-01-07,27.89
6,43,2018-01-07,35.83
6,44,2018-01-07,22.16
6,45,2018-01-07,57.95
6,46,2018-01-07,45.27
6,47,2018-01-07,15.53
6,48,2018-01-07,36.92
6,49,2018-01-07,21.12
6,50,2018-01-07,51.06
7,1,2018-01-07,14.64
7,2,2018-01-07,36.6
7,3,2018-01-07,23.47
7,4,2018-01-07,13.54
7,5,2018-01-07,12.49
7,6,2018-01-07,39.84
7,7,2018-01-07,42.89
7,8,2018-01-07,51.66
7,9,2018-01-07,34.35
7,10,2018-01-07,49.81
7,11,2018-01-07,48.48
7,12,2018-01-07,48.03
7,13,2018-01-07,58.08
7,14,2018-01-07,42.11
7,15,2018-01-07,56.92
7,16,2018-01-07,17.12
7,17,2018-01-07,24.69
7,18,2018-01-07,58.0
7,19,2018-01-07,26.74
7,20,2018-01-07,31.31
7,21,2018-01-07,27.44
7,22,2018-01-07,58.32
7,23,2018-01-07,14.62
7,24,2018-01-07,47.77
7,25,2018-01-07,55.96
7,26,2018-01-07,31.5
7,27,2018-01-07,13.65
7,28,2018-01-07,57.99
7,29,2018-01-07,48.92
7,30,2018-01-07,27.84
7,31,2018-01-07,43.1
7,32,2018-01-07,30.92
7,33,2018-01-07,48.97
7,34,2018-01-07,17.32
7,35,2018-01-07,45.6
7,36,2018-01-07,50.76
7,37,2018-01-07,19.78
7,38,2018-01-07,50.17
7,39,2018-01-07,28.92
7,40,2018-01-07,19.84
7,41,2018-01-07,14.7
7,42,2018-01-07,22.97
7,43,2018-01-07,37.47
7,44,2018-01-07,21.4
7,45,2018-01-07,56.58
7,46,2018-01-07,37.74
7,47,2018-01-07,14.93
7,48,2018-01-07,35.74
7,49,2018-01-07,18.13
7,50,2018-01-07,43.9
8,1,2018-01-07,25.62
8,2,2018-01-07,76.85
8,3,2018-01-07,45.86
8,4,2018-01-07,23.79
8,5,2018-01-07,23.08
8,6,2018-01-07,70.0
8,7,2018-01-07,69.18
8,8,2018-01-07,85.32
8,9,2018-01-07,63.9
8,10,2018-01-07,80.84
8,11,2018-01-07,77.77
8,12,2018-01-07,77.77
8,13,2018-01-07,92.6
8,14,2018-01-07,65.78
8,15,2018-01-07,104.18
8,16,2018-01-07,29.83
8,17,2018-01-07,39.45
8,18,2018-01-07,92.59
8,19,2018-01-07,49.62
8,20,2018-01-07,57.99
8,21,2018-01-07,52.63
8,22,2018-01-07,87.71
8,23,2018-01-07,39.82
8,24,2018-01-07,79.74
8,25,2018-01-07,91.98
8,26,2018-01-07,53.27
8,27,2018-01-07,26.96
8,28,2018-01-07,93.63
8,29,2018-01-07,83.26
8,30,2018-01-07,43.04
8,31,2018-01-07,69.36
8,32,2018-01-07,54.42
8,33,2018-01-07,80.31
8,34,2018-01-07,34.71
8,35,2018-01-07,76.95
8,36,2018-01-07,88.48
8,37,2018-01-07,36.52
8,38,2018-01-07,88.39
8,39,2018-01-07,54.66
8,40,2018-01-07,33.95
8,41,2018-01-07,29.61
8,42,2018-01-07,43.13
8,43,2018-01-07,62.23
8,44,2018-01-07,36.96
8,45,2018-01-07,88.39
8,46,2018-01-07,70.07
8,47,2018-01-07,25.58
8,48,2018-01-07,61.61
8,49,2018-01-07,35.81
8,50,2018-01-07,71.79
9,1,2018-01-07,23.48
9,2,2018-01-07,61.69
9,3,2018-01-07,36.68
9,4,2018-01-07,22.43
9,5,2018-01-07,19.71
9,6,2018-01-07,58.7
9,7,2018-01-07,61.88
9,8,2018-01-07,79.13
9,9,2018-01-07,52.15
9,10,2018-01-07,72.34
9,11,2018-01-07,68.46
9,12,2018-01-07,70.35
9,13,2018-01-07,83.39
9,14,2018-01-07,62.19
9,15,2018-01-07,83.49
9,16,2018-01-07,26.07
9,17,2018-01-07,34.97
9,18,2018-01-07,78.56
9,19,2018-01-07,45.56
9,20,2018-01-07,49.34
9,21,2018-01-07,41.39
9,22,2018-01-07,81.62
9,23,2018-01-07,31.71
9,24,2018-01-07,70.67
9,25,2018-01-07,82.42
9,26,2018-01-07,47.11
9,27,2018-01-07,22.8
9,28,2018-01-07,88.16
9,29,2018-01-07,73.97
9,30,2018-01-07,41.65
9,31,2018-01-07,62.17
9,32,2018-01-07,46.33
9,33,2018-01-07,68.87
9,34,2018-01-07,23.74
9,35,2018-01-07,70.67
9,36,2018-01-07,80.27
9,37,2018-01-07,32.59
9,38,2018-01-07,81.0
9,39,2018-01-07,46.65
9,40,2018-01-07,27.55
9,41,2018-01-07,23.28
9,42,2018-01-07,37.41
9,43,2018-01-07,55.25
9,44,2018-01-07,29.01
9,45,2018-01-07,81.91
9,46,2018-01-07,56.11
9,47,2018-01-07,25.04
9,48,2018-01-07,49.9
9,49,2018-01-07,30.06
9,50,2018-01-07,63.82
10,1,2018-01-07,23.16
10,2,2018-01-07,59.92
10,3,2018-01-07,39.17
10,4,2018-01-07,23.64
10,5,2018-01-07,20.44
10,6,2018-01-07,63.88
10,7,2018-01-07,60.83
10,8,2018-01-07,80.49
10,9,2018-01-07,54.33
10,10,2018-01-07,77.2
10,11,2018-01-07,79.94
10,12,2018-01-07,78.67
10,13,2018-01-07,87.8
10,14,2018-01-07,61.32
10,15,2018-01-07,88.96
10,16,2018-01-07,24.93
10,17,2018-01-07,38.07
10,18,2018-01-07,84.92
10,19,2018-01-07,43.21
10,20,2018-01-07,52.38
10,21,2018-01-07,44.23
10,22,2018-01-07,86.21
10,23,2018-01-07,35.56
10,24,2018-01-07,72.75
10,25,2018-01-07,85.87
10,26,2018-01-07,52.13
10,27,2018-01-07,25.44
10,28,2018-01-07,90.39
10,29,2018-01-07,77.13
10,30,2018-01-07,43.02
10,31,2018-01-07,64.41
10,32,2018-01-07,44.48
10,33,2018-01-07,75.23
10,34,2018-01-07,26.42
10,35,2018-01-07,68.77
10,36,2018-01-07,85.15
10,37,2018-01-07,33.58
10,38,2018-01-07,84.39
10,39,2018-01-07,47.36
10,40,2018-01-07,31.3
10,41,2018-01-07,22.85
10,42,2018-01-07,39.6
10,43,2018-01-07,56.8
10,44,2018-01-07,31.51
10,45,2018-01-07,84.2
10,46,2018-01-07,65.05
10,47,2018-01-07,21.4
10,48,2018-01-07,56.15
10,49,2018-01-07,33.78
10,50,2018-01-07,70.37
1,1,2018-01-08,13.36
1,2,2018-01-08,36.82
1,3,2018-01-08,20.28
1,4,2018-01-08,12.31
1,5,2018-01-08,10.9
1,6,2018-01-08,34.47
1,7,2018-01-08,34.32
1,8,2018-01-08,44.51
1,9,2018-01-08,30.21
1,10,2018-01-08,44.79
1,11,2018-01-08,39.37
1,12,2018-01-08,41.2
1,13,2018-01-08,46.29
1,14,2018-01-08,34.81
1,15,2018-01-08,50.83
1,16,2018-01-08,15.34
1,17,2018-01-08,19.29
1,18,2018-01-08,49.83
1,19,2018-01-08,23.69
1,20,2018-01-08,29.75
1,21,2018-01-08,21.77
1,22,2018-01-08,49.41
1,23,2018-01-08,16.77
1,24,2018-01-08,36.38
1,25,2018-01-08,47.39
1,26,2018-01-08,30.28
1,27,2018-01-08,13.29
1,28,2018-01-08,49.3
1,29,2018-01-08,41.09
1,30,2018-01-08,23.29
1,31,2018-01-08,33.01
1,32,2018-01-08,25.65
1,33,2018-01-08,41.85
1,34,2018-01-08,15.65
1,35,2018-01-08,39.16
1,36,2018-01-08,44.5
1,37,2018-01-08,14.97
1,38,2018-01-08,46.03
1,39,2018-01-08,26.51
1,40,2018-01-08,18.08
1,41,2018-01-08,13.37
1,42,2018-01-08,19.19
1,43,2018-01-08,29.52
1,44,2018-01-08,16.9
1,45,2018-01-08,46.87
1,46,2018-01-08,34.13
1,47,2018-01-08,12.3
1,48,2018-01-08,32.24
1,49,2018-01-08,18.56
1,50,2018-01-08,36.56
2,1,2018-01-08,16.43
2,2,2018-01-08,48.23
2,3,2018-01-08,29.95
2,4,2018-01-08,18.55
2,5,2018-01-08,16.54
2,6,2018-01-08,47.96
2,7,2018-01-08,50.68
2,8,2018-01-08,59.93
2,9,2018-01-08,42.1
2,10,2018-01-08,58.7
2,11,2018-01-08,58.18
2,12,2018-01-08,55.81
2,13,2018-01-08,66.07
2,14,2018-01-08,48.67
2,15,2018-01-08,68.11
2,16,2018-01-08,18.91
2,17,2018-01-08,26.41
2,18,2018-01-08,63.52
2,19,2018-01-08,33.26
2,20,2018-01-08,35.84
2,21,2018-01-08,32.98
2,22,2018-01-08,60.11
2,23,2018-01-08,25.27
2,24,2018-01-08,51.72
2,25,2018-01-08,63.03
2,26,2018-01-08,41.26
2,27,2018-01-08,19.31
2,28,2018-01-08,69.08
2,29,2018-01-08,59.77
2,30,2018-01-08,35.2
2,31,2018-01-08,48.56
2,32,2018-01-08,40.1
2,33,2018-01-08,55.01
2,34,2018-01-08,22.82
2,35,2018-01-08,51.25
2,36,2018-01-08,60.5
2,37,2018-01-08,23.98
2,38,2018-01-08,63.5
2,39,2018-01-08,36.36
2,40,2018-01-08,27.73
2,41,2018-01-08,18.87
2,42,2018-01-08,32.15
2,43,2018-01-08,42.78
2,44,2018-01-08,23.42
2,45,2018-01-08,63.89
2,46,2018-01-08,46.83
2,47,2018-01-08,18.55
2,48,2018-01-08,40.21
2,49,2018-01-08,24.68
2,50,2018-01-08,50.75
3,1,2018-01-08,14.81
3,2,2018-01-08,43.15
3,3,2018-01-08,26.4
3,4,2018-01-08,16.39
3,5,2018-01-08,13.86
3,6,2018-01-08,40.69
3,7,2018-01-08,42.87
3,8,2018-01-08,53.95
3,9,2018-01-08,37.96
3,10,2018-01-08,47.1
3,11,2018-01-08,52.69
3,12,2018-01-08,50.83
3,13,2018-01-08,60.77
3,14,2018-01-08,44.59
3,15,2018-01-08,63.36
3,16,2018-01-08,20.71
3,17,2018-01-08,24.27
3,18,2018-01-08,59.26
3,19,2018-01-08,28.82
3,20,2018-01-08,35.29
3,21,2018-01-08,29.81
3,22,2018-01-08,57.54
3,23,2018-01-08,21.66
3,24,2018-01-08,54.61
3,25,2018-01-08,56.25
3,26,2018-01-08,34.15
3,27,2018-01-08,16.8
3,28,2018-01-08,60.84
3,29,2018-01-08,52.77
3,30,2018-01-08,30.25
3,31,2018-01-08,42.83
3,32,2018-01-08,33.56
3,33,2018-01-08,51.49
3,34,2018-01-08,19.68
3,35,2018-01-08,48.61
3,36,2018-01-08,56.42
3,37,2018-01-08,21.15
3,38,2018-01-08,58.97
3,39,2018-01-08,34.16
3,40,2018-01-08,22.84
3,41,2018-01-08,15.69
3,42,2018-01-08,26.64
3,43,2018-01-08,33.87
3,44,2018-01-08,21.26
3,45,2018-01-08,60.09
3,46,2018-01-08,43.27
3,47,2018-01-08,16.68
3,48,2018-01-08,38.77
3,49,2018-01-08,22.3
3,50,2018-01-08,47.61
4,1,2018-01-08,14.78
4,2,2018-01-08,37.86
4,3,2018-01-08,26.48
4,4,2018-01-08,16.16
4,5,2018-01-08,12.41
4,6,2018-01-08,38.77
4,7,2018-01-08,40.79
4,8,2018-01-08,52.94
4,9,2018-01-08,34.27
4,10,2018-01-08,50.18
4,11,2018-01-08,49.09
4,12,2018-01-08,49.3
4,13,2018-01-08,58.21
4,14,2018-01-08,40.05
4,15,2018-01-08,61.38
4,16,2018-01-08,16.54
4,17,2018-01-08,19.64
4,18,2018-01-08,60.47
4,19,2018-01-08,28.96
4,20,2018-01-08,32.33
4,21,2018-01-08,28.69
4,22,2018-01-08,54.41
4,23,2018-01-08,19.1
4,24,2018-01-08,43.49
4,25,2018-01-08,56.13
4,26,2018-01-08,31.85
4,27,2018-01-08,16.35
4,28,2018-01-08,58.85
4,29,2018-01-08,46.98
4,30,2018-01-08,27.86
4,31,2018-01-08,41.18
4,32,2018-01-08,29.62
4,33,2018-01-08,45.66
4,34,2018-01-08,18.04
4,35,2018-01-08,42.74
4,36,2018-01-08,54.13
4,37,2018-01-08,18.77
4,38,2018-01-08,56.07
4,39,2018-01-08,29.85
4,40,2018-01-08,18.79
4,41,2018-01-08,14.52
4,42,2018-01-08,24.52
4,43,2018-01-08,34.44
4,44,2018-01-08,20.42
4,45,2018-01-08,51.84
4,46,2018-01-08,40.62
4,47,2018-01-08,16.11
4,48,2018-01-08,35.83
4,49,2018-01-08,18.81
4,50,2018-01-08,42.62
5,1,2018-01-08,11.7
5,2,2018-01-08,27.16
5,3,2018-01-08,18.61
5,4,2018-01-08,9.71
5,5,2018-01-08,9.19
5,6,2018-01-08,26.85
5,7,2018-01-08,27.88
5,8,2018-01-08,38.23
5,9,2018-01-08,25.57
5,10,2018-01-08,37.46
5,11,2018-01-08,34.72
5,12,2018-01-08,32.2
5,13,2018-01-08,39.8
5,14,2018-01-08,32.22
5,15,2018-01-08,46.31
5,16,2018-01-08,11.58
5,17,2018-01-08,15.36
5,18,2018-01-08,42.21
5,19,2018-01-08,18.55
5,20,2018-01-08,23.39
5,21,2018-01-08,18.75
5,22,2018-01-08,37.85
5,23,2018-01-08,14.73
5,24,2018-01-08,30.63
5,25,2018-01-08,40.65
5,26,2018-01-08,22.03
5,27,2018-01-08,10.47
5,28,2018-01-08,45.2
5,29,2018-01-08,32.41
5,30,2018-01-08,19.89
5,31,2018-01-08,29.23
5,32,2018-01-08,21.94
5,33,2018-01-08,30.61
5,34,2018-01-08,11.77
5,35,2018-01-08,32.4
5,36,2018-01-08,35.44
5,37,2018-01-08,14.34
5,38,2018-01-08,41.41
5,39,2018-01-08,22.09
5,40,2018-01-08,14.18
5,41,2018-01-08,11.2
5,42,2018-01-08,17.17
5,43,2018-01-08,25.26
5,44,2018-01-08,14.44
5,45,2018-01-08,39.56
5,46,2018-01-08,30.52
5,47,2018-01-08,11.21
5,48,2018-01-08,26.77
5,49,2018-01-08,13.28
5,50,2018-01-08,31.52
6,1,2018-01-08,9.31
6,2,2018-01-08,30.24
6,3,2018-01-08,18.91
6,4,2018-01-08,9.12
6,5,2018-01-08,7.86
6,6,2018-01-08,28.15
6,7,2018-01-08,29.34
6,8,2018-01-08,37.96
6,9,2018-01-08,28.11
6,10,2018-01-08,37.53
6,11,2018-01-08,34.56
6,12,2018-01-08,35.73
6,13,2018-01-08,43.53
6,14,2018-01-08,28.47
6,15,2018-01-08,40.66
6,16,2018-01-08,13.14
6,17,2018-01-08,16.78
6,18,2018-01-08,41.98
6,19,2018-01-08,19.26
6,20,2018-01-08,23.54
6,21,2018-01-08,19.39
6,22,2018-01-08,37.78
6,23,2018-01-08,14.89
6,24,2018-01-08,31.59
6,25,2018-01-08,37.93
6,26,2018-01-08,23.03
6,27,2018-01-08,11.11
6,28,2018-01-08,42.41
6,29,2018-01-08,32.61
6,30,2018-01-08,19.04
6,31,2018-01-08,26.13
6,32,2018-01-08,21.65
6,33,2018-01-08,35.07
6,34,2018-01-08,13.17
6,35,2018-01-08,33.31
6,36,2018-01-08,38.87
6,37,2018-01-08,15.01
6,38,2018-01-08,39.78
6,39,2018-01-08,21.25
6,40,2018-01-08,16.45
6,41,2018-01-08,10.97
6,42,2018-01-08,16.56
6,43,2018-01-08,24.54
6,44,2018-01-08,14.16
6,45,2018-01-08,38.06
6,46,2018-01-08,30.36
6,47,2018-01-08,11.21
6,48,2018-01-08,24.15
6,49,2018-01-08,13.44
6,50,2018-01-08,35.15
7,1,2018-01-08,10.04
7,2,2018-01-08,25.82
7,3,2018-01-08,15.26
7,4,2018-01-08,9.67
7,5,2018-01-08,8.84
7,6,2018-01-08,26.33
7,7,2018-01-08,28.41
7,8,2018-01-08,35.48
7,9,2018-01-08,22.97
7,10,2018-01-08,33.05
7,11,2018-01-08,31.79
7,12,2018-01-08,31.88
7,13,2018-01-08,37.0
7,14,2018-01-08,26.24
7,15,2018-01-08,39.17
7,16,2018-01-08,11.04
7,17,2018-01-08,16.11
7,18,2018-01-08,38.06
7,19,2018-01-08,18.43
7,20,2018-01-08,20.89
7,21,2018-01-08,17.34
7,22,2018-01-08,38.12
7,23,2018-01-08,12.5
7,24,2018-01-08,30.78
7,25,2018-01-08,36.89
7,26,2018-01-08,20.51
7,27,2018-01-08,9.38
7,28,2018-01-08,38.53
7,29,2018-01-08,34.57
7,30,2018-01-08,17.75
7,31,2018-01-08,28.84
7,32,2018-01-08,20.06
7,33,2018-01-08,32.84
7,34,2018-01-08,11.92
7,35,2018-01-08,30.0
7,36,2018-01-08,34.75
7,37,2018-01-08,12.86
7,38,2018-01-08,32.34
7,39,2018-01-08,16.91
7,40,2018-01-08,12.76
7,41,2018-01-08,9.51
7,42,2018-01-08,16.53
7,43,2018-01-08,23.62
7,44,2018-01-08,13.26
7,45,2018-01-08,36.26
7,46,2018-01-08,25.57
7,47,2018-01-08,10.06
7,48,2018-01-08,24.26
7,49,2018-01-08,12.52
7,50,2018-01-08,29.09
8,1,2018-01-08,16.4
8,2,2018-01-08,50.66
8,3,2018-01-08,30.22
8,4,2018-01-08,15.58
8,5,2018-01-08,15.18
8,6,2018-01-08,46.82
8,7,2018-01-08,49.87
8,8,2018-01-08,58.26
8,9,2018-01-08,41.61
8,10,2018-01-08,54.77
8,11,2018-01-08,54.7
8,12,2018-01-08,53.15
8,13,2018-01-08,62.67
8,14,2018-01-08,46.08
8,15,2018-01-08,69.15
8,16,2018-01-08,19.15
8,17,2018-01-08,26.09
8,18,2018-01-08,66.25
8,19,2018-01-08,34.17
8,20,2018-01-08,38.78
8,21,2018-01-08,34.84
8,22,2018-01-08,59.48
8,23,2018-01-08,23.48
8,24,2018-01-08,52.53
8,25,2018-01-08,61.62
8,26,2018-01-08,36.85
8,27,2018-01-08,16.53
8,28,2018-01-08,64.19
8,29,2018-01-08,55.19
8,30,2018-01-08,30.98
8,31,2018-01-08,46.05
8,32,2018-01-08,33.26
8,33,2018-01-08,54.06
8,34,2018-01-08,23.67
8,35,2018-01-08,52.79
8,36,2018-01-08,59.5
8,37,2018-01-08,24.55
8,38,2018-01-08,59.68
8,39,2018-01-08,36.41
8,40,2018-01-08,23.17
8,41,2018-01-08,18.74
8,42,2018-01-08,30.12
8,43,2018-01-08,39.63
8,44,2018-01-08,23.81
8,45,2018-01-08,57.66
8,46,2018-01-08,48.21
8,47,2018-01-08,16.95
8,48,2018-01-08,41.53
8,49,2018-01-08,23.85
8,50,2018-01-08,49.74
9,1,2018-01-08,14.24
9,2,2018-01-08,38.33
9,3,2018-01-08,24.97
9,4,2018-01-08,14.09
9,5,2018-01-08,13.26
9,6,2018-01-08,40.61
9,7,2018-01-08,42.21
9,8,2018-01-08,52.46
9,9,2018-01-08,36.07
9,10,2018-01-08,49.74
9,11,2018-01-08,50.88
9,12,2018-01-08,47.07
9,13,2018-01-08,55.41
9,14,2018-01-08,38.7
9,15,2018-01-08,56.96
9,16,2018-01-08,16.06
9,17,2018-01-08,21.74
9,18,2018-01-08,56.4
9,19,2018-01-08,29.66
9,20,2018-01-08,31.84
9,21,2018-01-08,26.24
9,22,2018-01-08,53.51
9,23,2018-01-08,21.92
9,24,2018-01-08,44.98
9,25,2018-01-08,53.98
9,26,2018-01-08,32.01
9,27,2018-01-08,16.52
9,28,2018-01-08,57.11
9,29,2018-01-08,49.32
9,30,2018-01-08,27.49
9,31,2018-01-08,38.95
9,32,2018-01-08,31.03
9,33,2018-01-08,45.85
9,34,2018-01-08,15.84
9,35,2018-01-08,45.68
9,36,2018-01-08,51.89
9,37,2018-01-08,20.57
9,38,2018-01-08,55.69
9,39,2018-01-08,31.28
9,40,2018-01-08,18.95
9,41,2018-01-08,15.06
9,42,2018-01-08,24.6
9,43,2018-01-08,38.17
9,44,2018-01-08,19.42
9,45,2018-01-08,53.99
9,46,2018-01-08,39.96
9,47,2018-01-08,15.51
9,48,2018-01-08,33.97
9,49,2018-01-08,19.73
9,50,2018-01-08,43.95
10,1,2018-01-08,14.23
10,2,2018-01-08,40.68
10,3,2018-01-08,25.78
10,4,2018-01-08,15.56
10,5,2018-01-08,13.71
10,6,2018-01-08,38.84
10,7,2018-01-08,39.96
10,8,2018-01-08,52.21
10,9,2018-01-08,35.69
10,10,2018-01-08,53.22
10,11,2018-01-08,51.58
10,12,2018-01-08,51.56
10,13,2018-01-08,57.98
10,14,2018-01-08,40.41
10,15,2018-01-08,59.97
10,16,2018-01-08,18.04
10,17,2018-01-08,25.11
10,18,2018-01-08,57.98
10,19,2018-01-08,28.98
10,20,2018-01-08,33.84
10,21,2018-01-08,29.1
10,22,2018-01-08,57.87
10,23,2018-01-08,22.97
10,24,2018-01-08,48.71
10,25,2018-01-08,57.65
10,26,2018-01-08,33.85
10,27,2018-01-08,15.66
10,28,2018-01-08,60.03
10,29,2018-01-08,50.64
10,30,2018-01-08,29.18
10,31,2018-01-08,41.28
10,32,2018-01-08,30.39
10,33,2018-01-08,49.96
10,34,2018-01-08,17.46
10,35,2018-01-08,44.78
10,36,2018-01-08,54.37
10,37,2018-01-08,22.39
10,38,2018-01-08,57.05
10,39,2018-01-08,31.53
10,40,2018-01-08,20.43
10,41,2018-01-08,15.64
10,42,2018-01-08,26.13
10,43,2018-01-08,38.84
10,44,2018-01-08,20.82
10,45,2018-01-08,55.62
10,46,2018-01-08,44.41
10,47,2018-01-08,15.8
10,48,2018-01-08,35.96
10,49,2018-01-08,22.12
10,50,2018-01-08,47.8
1,1,2018-01-09,16.17
1,2,2018-01-09,42.59
1,3,2018-01-09,22.78
1,4,2018-01-09,14.32
1,5,2018-01-09,13.36
1,6,2018-01-09,41.66
1,7,2018-01-09,41.57
1,8,2018-01-09,51.37
1,9,2018-01-09,34.97
1,10,2018-01-09,51.74
1,11,2018-01-09,47.6
1,12,2018-01-09,46.18
1,13,2018-01-09,56.22
1,14,2018-01-09,39.72
1,15,2018-01-09,59.9
1,16,2018-01-09,19.37
1,17,2018-01-09,22.82
1,18,2018-01-09,60.17
1,19,2018-01-09,27.7
1,20,2018-01-09,33.98
1,21,2018-01-09,26.52
1,22,2018-01-09,53.59
1,23,2018-01-09,22.7
1,24,2018-01-09,40.82
1,25,2018-01-09,54.87
1,26,2018-01-09,34.57
1,27,2018-01-09,14.92
1,28,2018-01-09,58.29
1,29,2018-01-09,49.12
1,30,2018-01-09,26.48
1,31,2018-01-09,38.66
1,32,2018-01-09,29.94
1,33,2018-01-09,48.1
1,34,2018-01-09,19.51
1,35,2018-01-09,45.6
1,36,2018-01-09,51.53
1,37,2018-01-09,17.58
1,38,2018-01-09,54.96
1,39,2018-01-09,31.32
1,40,2018-01-09,20.44
1,41,2018-01-09,15.36
1,42,2018-01-09,22.3
1,43,2018-01-09,33.5
1,44,2018-01-09,20.3
1,45,2018-01-09,54.41
1,46,2018-01-09,40.53
1,47,2018-01-09,14.93
1,48,2018-01-09,36.67
1,49,2018-01-09,20.21
1,50,2018-01-09,44.16
2,1,2018-01-09,20.79
2,2,2018-01-09,55.65
2,3,2018-01-09,37.35
2,4,2018-01-09,21.36
2,5,2018-01-09,17.7
2,6,2018-01-09,54.07
2,7,2018-01-09,56.21
2,8,2018-01-09,68.99
2,9,2018-01-09,49.28
2,10,2018-01-09,67.65
2,11,2018-01-09,66.83
2,12,2018-01-09,66.36
2,13,2018-01-09,78.08
2,14,2018-01-09,55.78
2,15,2018-01-09,80.81
2,16,2018-01-09,21.46
2,17,2018-01-09,30.78
2,18,2018-01-09,75.29
2,19,2018-01-09,38.72
2,20,2018-01-09,42.82
2,21,2018-01-09,38.2
2,22,2018-01-09,70.26
2,23,2018-01-09,30.17
2,24,2018-01-09,59.54
2,25,2018-01-09,75.52
2,26,2018-01-09,48.52
2,27,2018-01-09,21.81
2,28,2018-01-09,80.9
2,29,2018-01-09,66.4
2,30,2018-01-09,39.3
2,31,2018-01-09,56.6
2,32,2018-01-09,44.48
2,33,2018-01-09,62.99
2,34,2018-01-09,24.7
2,35,2018-01-09,61.07
2,36,2018-01-09,73.41
2,37,2018-01-09,29.51
2,38,2018-01-09,74.25
2,39,2018-01-09,42.14
2,40,2018-01-09,30.24
2,41,2018-01-09,20.49
2,42,2018-01-09,37.81
2,43,2018-01-09,51.46
2,44,2018-01-09,27.52
2,45,2018-01-09,75.83
2,46,2018-01-09,55.22
2,47,2018-01-09,21.97
2,48,2018-01-09,46.88
2,49,2018-01-09,29.68
2,50,2018-01-09,58.03
3,1,2018-01-09,18.41
3,2,2018-01-09,51.27
3,3,2018-01-09,29.98
3,4,2018-01-09,18.53
3,5,2018-01-09,16.71
3,6,2018-01-09,49.19
3,7,2018-01-09,50.6
3,8,2018-01-09,61.5
3,9,2018-01-09,45.21
3,10,2018-01-09,56.43
3,11,2018-01-09,61.8
3,12,2018-01-09,58.12
3,13,2018-01-09,69.25
3,14,2018-01-09,53.32
3,15,2018-01-09,73.38
3,16,2018-01-09,24.21
3,17,2018-01-09,28.98
3,18,2018-01-09,71.21
3,19,2018-01-09,32.37
3,20,2018-01-09,41.48
3,21,2018-01-09,36.32
3,22,2018-01-09,66.68
3,23,2018-01-09,24.86
3,24,2018-01-09,64.13
3,25,2018-01-09,67.68
3,26,2018-01-09,38.4
3,27,2018-01-09,20.01
3,28,2018-01-09,69.93
3,29,2018-01-09,60.9
3,30,2018-01-09,36.2
3,31,2018-01-09,48.44
3,32,2018-01-09,41.81
3,33,2018-01-09,59.54
3,34,2018-01-09,21.96
3,35,2018-01-09,59.26
3,36,2018-01-09,66.66
3,37,2018-01-09,25.48
3,38,2018-01-09,67.12
3,39,2018-01-09,39.14
3,40,2018-01-09,25.71
3,41,2018-01-09,19.47
3,42,2018-01-09,31.66
3,43,2018-01-09,41.38
3,44,2018-01-09,25.83
3,45,2018-01-09,67.82
3,46,2018-01-09,49.59
3,47,2018-01-09,19.89
3,48,2018-01-09,45.83
3,49,2018-01-09,26.5
3,50,2018-01-09,55.22
4,1,2018-01-09,17.13
4,2,2018-01-09,44.19
4,3,2018-01-09,32.42
4,4,2018-01-09,20.82
4,5,2018-01-09,15.19
4,6,2018-01-09,46.08
4,7,2018-01-09,46.04
4,8,2018-01-09,59.57
4,9,2018-01-09,42.27
4,10,2018-01-09,55.74
4,11,2018-01-09,58.67
4,12,2018-01-09,58.48
4,13,2018-01-09,68.23
4,14,2018-01-09,48.28
4,15,2018-01-09,69.08
4,16,2018-01-09,19.97
4,17,2018-01-09,24.02
4,18,2018-01-09,67.71
4,19,2018-01-09,34.21
4,20,2018-01-09,36.64
4,21,2018-01-09,35.93
4,22,2018-01-09,62.16
4,23,2018-01-09,22.16
4,24,2018-01-09,52.35
4,25,2018-01-09,64.19
4,26,2018-01-09,36.72
4,27,2018-01-09,17.88
4,28,2018-01-09,68.95
4,29,2018-01-09,54.9
4,30,2018-01-09,33.49
4,31,2018-01-09,48.82
4,32,2018-01-09,35.23
4,33,2018-01-09,54.09
4,34,2018-01-09,21.25
4,35,2018-01-09,51.01
4,36,2018-01-09,63.89
4,37,2018-01-09,22.47
4,38,2018-01-09,60.79
4,39,2018-01-09,34.42
4,40,2018-01-09,22.56
4,41,2018-01-09,19.21
4,42,2018-01-09,29.66
4,43,2018-01-09,41.64
4,44,2018-01-09,23.14
4,45,2018-01-09,62.68
4,46,2018-01-09,47.31
4,47,2018-01-09,19.02
4,48,2018-01-09,41.1
4,49,2018-01-09,21.71
4,50,2018-01-09,50.47
5,1,2018-01-09,13.74
5,2,2018-01-09,32.28
5,3,2018-01-09,21.1
5,4,2018-01-09,11.39
5,5,2018-01-09,11.09
5,6,2018-01-09,32.86
5,7,2018-01-09,32.25
5,8,2018-01-09,45.0
5,9,2018-01-09,30.63
5,10,2018-01-09,43.85
5,11,2018-01-09,40.37
5,12,2018-01-09,38.3
5,13,2018-01-09,47.25
5,14,2018-01-09,38.99
5,15,2018-01-09,53.21
5,16,2018-01-09,14.12
5,17,2018-01-09,17.93
5,18,2018-01-09,50.78
5,19,2018-01-09,23.29
5,20,2018-01-09,26.67
5,21,2018-01-09,21.51
5,22,2018-01-09,46.14
5,23,2018-01-09,15.47
5,24,2018-01-09,36.51
5,25,2018-01-09,45.33
5,26,2018-01-09,24.93
5,27,2018-01-09,13.16
5,28,2018-01-09,54.84
5,29,2018-01-09,41.4
5,30,2018-01-09,23.18
5,31,2018-01-09,33.77
5,32,2018-01-09,26.17
5,33,2018-01-09,37.6
5,34,2018-01-09,14.92
5,35,2018-01-09,39.42
5,36,2018-01-09,42.28
5,37,2018-01-09,16.18
5,38,2018-01-09,49.17
5,39,2018-01-09,24.39
5,40,2018-01-09,15.69
5,41,2018-01-09,12.32
5,42,2018-01-09,21.38
5,43,2018-01-09,28.07
5,44,2018-01-09,16.88
5,45,2018-01-09,46.65
5,46,2018-01-09,35.97
5,47,2018-01-09,12.79
5,48,2018-01-09,32.04
5,49,2018-01-09,15.22
5,50,2018-01-09,35.92
6,1,2018-01-09,11.77
6,2,2018-01-09,35.29
6,3,2018-01-09,21.67
6,4,2018-01-09,11.23
6,5,2018-01-09,9.74
6,6,2018-01-09,33.3
6,7,2018-01-09,35.15
6,8,2018-01-09,45.48
6,9,2018-01-09,33.85
6,10,2018-01-09,42.05
6,11,2018-01-09,40.01
6,12,2018-01-09,42.01
6,13,2018-01-09,50.69
6,14,2018-01-09,33.87
6,15,2018-01-09,49.71
6,16,2018-01-09,15.04
6,17,2018-01-09,19.82
6,18,2018-01-09,46.4
6,19,2018-01-09,21.76
6,20,2018-01-09,29.16
6,21,2018-01-09,23.6
6,22,2018-01-09,44.72
6,23,2018-01-09,16.16
6,24,2018-01-09,36.41
6,25,2018-01-09,47.19
6,26,2018-01-09,27.56
6,27,2018-01-09,12.6
6,28,2018-01-09,50.57
6,29,2018-01-09,37.37
6,30,2018-01-09,22.13
6,31,2018-01-09,30.69
6,32,2018-01-09,26.65
6,33,2018-01-09,42.01
6,34,2018-01-09,15.43
6,35,2018-01-09,38.08
6,36,2018-01-09,42.5
6,37,2018-01-09,17.4
6,38,2018-01-09,45.58
6,39,2018-01-09,23.19
6,40,2018-01-09,18.29
6,41,2018-01-09,13.12
6,42,2018-01-09,19.78
6,43,2018-01-09,28.82
6,44,2018-01-09,17.87
6,45,2018-01-09,44.24
6,46,2018-01-09,35.24
6,47,2018-01-09,12.35
6,48,2018-01-09,27.25
6,49,2018-01-09,16.15
6,50,2018-01-09,38.37
7,1,2018-01-09,11.43
7,2,2018-01-09,30.26
7,3,2018-01-09,19.26
7,4,2018-01-09,10.77
7,5,2018-01-09,9.62
7,6,2018-01-09,29.73
7,7,2018-01-09,34.82
7,8,2018-01-09,42.74
7,9,2018-01-09,26.29
7,10,2018-01-09,38.34
7,11,2018-01-09,37.56
7,12,2018-01-09,38.83
7,13,2018-01-09,45.35
7,14,2018-01-09,31.63
7,15,2018-01-09,44.4
7,16,2018-01-09,13.08
7,17,2018-01-09,18.17
7,18,2018-01-09,46.59
7,19,2018-01-09,21.33
7,20,2018-01-09,24.62
7,21,2018-01-09,21.84
7,22,2018-01-09,45.04
7,23,2018-01-09,13.36
7,24,2018-01-09,37.82
7,25,2018-01-09,44.41
7,26,2018-01-09,24.16
7,27,2018-01-09,11.0
7,28,2018-01-09,46.19
7,29,2018-01-09,39.37
7,30,2018-01-09,21.08
7,31,2018-01-09,33.4
7,32,2018-01-09,24.04
7,33,2018-01-09,38.86
7,34,2018-01-09,13.49
7,35,2018-01-09,34.97
7,36,2018-01-09,39.94
7,37,2018-01-09,15.01
7,38,2018-01-09,38.69
7,39,2018-01-09,21.81
7,40,2018-01-09,14.53
7,41,2018-01-09,10.94
7,42,2018-01-09,18.58
7,43,2018-01-09,28.98
7,44,2018-01-09,16.18
7,45,2018-01-09,43.39
7,46,2018-01-09,29.4
7,47,2018-01-09,11.61
7,48,2018-01-09,28.07
7,49,2018-01-09,14.2
7,50,2018-01-09,34.26
8,1,2018-01-09,20.64
8,2,2018-01-09,56.46
8,3,2018-01-09,35.46
8,4,2018-01-09,18.94
8,5,2018-01-09,19.88
8,6,2018-01-09,55.6
8,7,2018-01-09,54.84
8,8,2018-01-09,67.0
8,9,2018-01-09,50.2
8,10,2018-01-09,62.5
8,11,2018-01-09,60.63
8,12,2018-01-09,60.27
8,13,2018-01-09,73.34
8,14,2018-01-09,54.37
8,15,2018-01-09,79.95
8,16,2018-01-09,22.46
8,17,2018-01-09,30.51
8,18,2018-01-09,73.23
8,19,2018-01-09,39.15
8,20,2018-01-09,45.59
8,21,2018-01-09,39.85
8,22,2018-01-09,69.02
8,23,2018-01-09,29.37
8,24,2018-01-09,63.02
8,25,2018-01-09,72.4
8,26,2018-01-09,45.61
8,27,2018-01-09,20.53
8,28,2018-01-09,75.35
8,29,2018-01-09,61.96
8,30,2018-01-09,34.44
8,31,2018-01-09,56.11
8,32,2018-01-09,39.6
8,33,2018-01-09,61.86
8,34,2018-01-09,27.2
8,35,2018-01-09,61.13
8,36,2018-01-09,69.8
8,37,2018-01-09,28.27
8,38,2018-01-09,69.76
8,39,2018-01-09,42.87
8,40,2018-01-09,25.7
8,41,2018-01-09,22.35
8,42,2018-01-09,35.45
8,43,2018-01-09,48.59
8,44,2018-01-09,28.2
8,45,2018-01-09,69.55
8,46,2018-01-09,56.28
8,47,2018-01-09,21.53
8,48,2018-01-09,47.17
8,49,2018-01-09,27.54
8,50,2018-01-09,56.1
9,1,2018-01-09,17.65
9,2,2018-01-09,47.11
9,3,2018-01-09,29.7
9,4,2018-01-09,15.97
9,5,2018-01-09,15.29
9,6,2018-01-09,44.56
9,7,2018-01-09,48.2
9,8,2018-01-09,60.45
9,9,2018-01-09,42.9
9,10,2018-01-09,57.48
9,11,2018-01-09,59.44
9,12,2018-01-09,56.39
9,13,2018-01-09,64.87
9,14,2018-01-09,44.12
9,15,2018-01-09,66.52
9,16,2018-01-09,20.09
9,17,2018-01-09,26.56
9,18,2018-01-09,65.69
9,19,2018-01-09,34.1
9,20,2018-01-09,38.14
9,21,2018-01-09,31.31
9,22,2018-01-09,63.94
9,23,2018-01-09,24.12
9,24,2018-01-09,55.77
9,25,2018-01-09,62.94
9,26,2018-01-09,37.72
9,27,2018-01-09,17.97
9,28,2018-01-09,66.52
9,29,2018-01-09,58.28
9,30,2018-01-09,32.71
9,31,2018-01-09,45.2
9,32,2018-01-09,35.62
9,33,2018-01-09,52.07
9,34,2018-01-09,19.43
9,35,2018-01-09,55.12
9,36,2018-01-09,60.26
9,37,2018-01-09,25.19
9,38,2018-01-09,61.25
9,39,2018-01-09,34.67
9,40,2018-01-09,23.19
9,41,2018-01-09,17.53
9,42,2018-01-09,28.66
9,43,2018-01-09,44.65
9,44,2018-01-09,23.79
9,45,2018-01-09,61.18
9,46,2018-01-09,46.06
9,47,2018-01-09,19.24
9,48,2018-01-09,38.42
9,49,2018-01-09,22.58
9,50,2018-01-09,52.17
10,1,2018-01-09,17.17
10,2,2018-01-09,47.47
10,3,2018-01-09,29.66
10,4,2018-01-09,17.91
10,5,2018-01-09,15.24
10,6,2018-01-09,49.67
10,7,2018-01-09,47.46
10,8,2018-01-09,60.77
10,9,2018-01-09,43.24
10,10,2018-01-09,58.79
10,11,2018-01-09,60.64
10,12,2018-01-09,59.89
10,13,2018-01-09,68.78
10,14,2018-01-09,49.85
10,15,2018-01-09,73.0
10,16,2018-01-09,21.35
10,17,2018-01-09,29.7
10,18,2018-01-09,68.28
10,19,2018-01-09,33.71
10,20,2018-01-09,40.39
10,21,2018-01-09,36.15
10,22,2018-01-09,66.58
10,23,2018-01-09,26.25
10,24,2018-01-09,59.21
10,25,2018-01-09,66.1
10,26,2018-01-09,38.28
10,27,2018-01-09,19.63
10,28,2018-01-09,72.31
10,29,2018-01-09,59.68
10,30,2018-01-09,33.48
10,31,2018-01-09,50.04
10,32,2018-01-09,36.08
10,33,2018-01-09,60.23
10,34,2018-01-09,21.62
10,35,2018-01-09,53.81
10,36,2018-01-09,62.09
10,37,2018-01-09,27.12
10,38,2018-01-09,64.12
10,39,2018-01-09,35.75
10,40,2018-01-09,24.4
10,41,2018-01-09,17.55
10,42,2018-01-09,30.3
10,43,2018-01-09,44.5
10,44,2018-01-09,25.3
10,45,2018-01-09,63.71
10,46,2018-01-09,51.63
10,47,2018-01-09,17.01
10,48,2018-01-09,42.36
10,49,2018-01-09,25.37
10,50,2018-01-09,55.41
1,1,2018-01-10,15.14
1,2,2018-01-10,43.77
1,3,2018-01-10,22.86
1,4,2018-01-10,15.26
1,5,2018-01-10,12.48
1,6,2018-01-10,40.4
1,7,2018-01-10,41.24
1,8,2018-01-10,51.98
1,9,2018-01-10,35.23
1,10,2018-01-10,52.61
1,11,2018-01-10,46.81
1,12,2018-01-10,47.32
1,13,2018-01-10,54.61
1,14,2018-01-10,40.36
1,15,2018-01-10,59.45
1,16,2018-01-10,18.82
1,17,2018-01-10,24.0
1,18,2018-01-10,57.96
1,19,2018-01-10,29.14
1,20,2018-01-10,33.84
1,21,2018-01-10,26.98
1,22,2018-01-10,53.65
1,23,2018-01-10,21.28
1,24,2018-01-10,41.93
1,25,2018-01-10,55.32
1,26,2018-01-10,37.88
1,27,2018-01-10,15.25
1,28,2018-01-10,57.53
1,29,2018-01-10,48.98
1,30,2018-01-10,26.69
1,31,2018-01-10,38.0
1,32,2018-01-10,29.13
1,33,2018-01-10,49.77
1,34,2018-01-10,20.02
1,35,2018-01-10,45.94
1,36,2018-01-10,53.99
1,37,2018-01-10,17.94
1,38,2018-01-10,56.52
1,39,2018-01-10,30.93
1,40,2018-01-10,21.3
1,41,2018-01-10,15.27
1,42,2018-01-10,22.26
1,43,2018-01-10,34.06
1,44,2018-01-10,20.67
1,45,2018-01-10,54.46
1,46,2018-01-10,40.79
1,47,2018-01-10,14.26
1,48,2018-01-10,35.63
1,49,2018-01-10,20.42
1,50,2018-01-10,44.97
2,1,2018-01-10,20.5
2,2,2018-01-10,56.54
2,3,2018-01-10,35.74
2,4,2018-01-10,22.25
2,5,2018-01-10,18.17
2,6,2018-01-10,54.55
2,7,2018-01-10,56.27
2,8,2018-01-10,69.57
2,9,2018-01-10,51.91
2,10,2018-01-10,69.01
2,11,2018-01-10,70.4
2,12,2018-01-10,65.63
2,13,2018-01-10,77.81
2,14,2018-01-10,55.62
2,15,2018-01-10,82.51
2,16,2018-01-10,22.45
2,17,2018-01-10,30.76
2,18,2018-01-10,78.34
2,19,2018-01-10,37.84
2,20,2018-01-10,44.56
2,21,2018-01-10,38.28
2,22,2018-01-10,72.81
2,23,2018-01-10,30.61
2,24,2018-01-10,60.39
2,25,2018-01-10,74.54
2,26,2018-01-10,47.28
2,27,2018-01-10,22.22
2,28,2018-01-10,79.62
2,29,2018-01-10,65.13
2,30,2018-01-10,38.81
2,31,2018-01-10,58.0
2,32,2018-01-10,45.83
2,33,2018-01-10,62.61
2,34,2018-01-10,23.84
2,35,2018-01-10,61.87
2,36,2018-01-10,73.86
2,37,2018-01-10,28.11
2,38,2018-01-10,74.68
2,39,2018-01-10,40.97
2,40,2018-01-10,30.06
2,41,2018-01-10,20.85
2,42,2018-01-10,37.53
2,43,2018-01-10,48.89
2,44,2018-01-10,28.42
2,45,2018-01-10,80.56
2,46,2018-01-10,54.92
2,47,2018-01-10,21.35
2,48,2018-01-10,47.77
2,49,2018-01-10,28.46
2,50,2018-01-10,59.15
3,1,2018-01-10,17.65
3,2,2018-01-10,51.85
3,3,2018-01-10,32.22
3,4,2018-01-10,19.55
3,5,2018-01-10,15.88
3,6,2018-01-10,47.61
3,7,2018-01-10,50.31
3,8,2018-01-10,62.3
3,9,2018-01-10,43.96
3,10,2018-01-10,57.29
3,11,2018-01-10,61.96
3,12,2018-01-10,60.09
3,13,2018-01-10,69.29
3,14,2018-01-10,50.26
3,15,2018-01-10,73.61
3,16,2018-01-10,24.22
3,17,2018-01-10,29.0
3,18,2018-01-10,71.2
3,19,2018-01-10,32.55
3,20,2018-01-10,41.26
3,21,2018-01-10,35.79
3,22,2018-01-10,66.86
3,23,2018-01-10,25.78
3,24,2018-01-10,62.19
3,25,2018-01-10,66.91
3,26,2018-01-10,39.59
3,27,2018-01-10,20.7
3,28,2018-01-10,71.01
3,29,2018-01-10,59.29
3,30,2018-01-10,38.9
3,31,2018-01-10,48.63
3,32,2018-01-10,41.34
3,33,2018-01-10,60.72
3,34,2018-01-10,24.5
3,35,2018-01-10,58.85
3,36,2018-01-10,66.24
3,37,2018-01-10,26.58
3,38,2018-01-10,66.24
3,39,2018-01-10,39.1
3,40,2018-01-10,27.95
3,41,2018-01-10,18.94
3,42,2018-01-10,32.33
3,43,2018-01-10,40.01
3,44,2018-01-10,24.59
3,45,2018-01-10,68.57
3,46,2018-01-10,52.23
3,47,2018-01-10,19.2
3,48,2018-01-10,44.53
3,49,2018-01-10,25.98
3,50,2018-01-10,53.85
4,1,2018-01-10,17.82
4,2,2018-01-10,46.78
4,3,2018-01-10,31.89
4,4,2018-01-10,19.79
4,5,2018-01-10,14.71
4,6,2018-01-10,44.65
4,7,2018-01-10,46.34
4,8,2018-01-10,60.18
4,9,2018-01-10,39.7
4,10,2018-01-10,55.17
4,11,2018-01-10,57.34
4,12,2018-01-10,55.35
4,13,2018-01-10,67.47
4,14,2018-01-10,47.16
4,15,2018-01-10,68.72
4,16,2018-01-10,20.19
4,17,2018-01-10,24.34
4,18,2018-01-10,68.73
4,19,2018-01-10,33.95
4,20,2018-01-10,37.53
4,21,2018-01-10,34.64
4,22,2018-01-10,65.21
4,23,2018-01-10,22.86
4,24,2018-01-10,52.53
4,25,2018-01-10,64.06
4,26,2018-01-10,38.71
4,27,2018-01-10,17.46
4,28,2018-01-10,68.42
4,29,2018-01-10,52.79
4,30,2018-01-10,33.04
4,31,2018-01-10,47.56
4,32,2018-01-10,35.78
4,33,2018-01-10,53.52
4,34,2018-01-10,21.55
4,35,2018-01-10,50.9
4,36,2018-01-10,60.53
4,37,2018-01-10,22.25
4,38,2018-01-10,59.41
4,39,2018-01-10,36.1
4,40,2018-01-10,22.73
4,41,2018-01-10,18.32
4,42,2018-01-10,28.73
4,43,2018-01-10,40.21
4,44,2018-01-10,22.77
4,45,2018-01-10,62.41
4,46,2018-01-10,44.87
4,47,2018-01-10,20.16
4,48,2018-01-10,40.83
4,49,2018-01-10,21.66
4,50,2018-01-10,51.96
5,1,2018-01-10,14.05
5,2,2018-01-10,32.3
5,3,2018-01-10,20.74
5,4,2018-01-10,11.32
5,5,2018-01-10,11.03
5,6,2018-01-10,31.29
5,7,2018-01-10,33.62
5,8,2018-01-10,44.69
5,9,2018-01-10,30.8
5,10,2018-01-10,44.0
5,11,2018-01-10,40.97
5,12,2018-01-10,39.24
5,13,2018-01-10,47.43
5,14,2018-01-10,37.0
5,15,2018-01-10,53.13
5,16,2018-01-10,14.57
5,17,2018-01-10,18.11
5,18,2018-01-10,50.25
5,19,2018-01-10,21.7
5,20,2018-01-10,28.8
5,21,2018-01-10,22.07
5,22,2018-01-10,45.64
5,23,2018-01-10,15.92
5,24,2018-01-10,35.43
5,25,2018-01-10,46.49
5,26,2018-01-10,25.95
5,27,2018-01-10,12.83
5,28,2018-01-10,53.2
5,29,2018-01-10,38.37
5,30,2018-01-10,23.62
5,31,2018-01-10,33.21
5,32,2018-01-10,25.73
5,33,2018-01-10,36.37
5,34,2018-01-10,14.9
5,35,2018-01-10,39.57
5,36,2018-01-10,43.74
5,37,2018-01-10,16.8
5,38,2018-01-10,46.57
5,39,2018-01-10,26.29
5,40,2018-01-10,15.85
5,41,2018-01-10,14.31
5,42,2018-01-10,20.9
5,43,2018-01-10,27.64
5,44,2018-01-10,16.54
5,45,2018-01-10,44.99
5,46,2018-01-10,34.12
5,47,2018-01-10,13.0
5,48,2018-01-10,31.5
5,49,2018-01-10,15.85
5,50,2018-01-10,35.53
6,1,2018-01-10,11.96
6,2,2018-01-10,36.11
6,3,2018-01-10,22.08
6,4,2018-01-10,10.47
6,5,2018-01-10,9.45
6,6,2018-01-10,32.34
6,7,2018-01-10,34.75
6,8,2018-01-10,45.51
6,9,2018-01-10,34.57
6,10,2018-01-10,42.55
6,11,2018-01-10,40.01
6,12,2018-01-10,41.61
6,13,2018-01-10,49.76
6,14,2018-01-10,34.61
6,15,2018-01-10,48.26
6,16,2018-01-10,15.67
6,17,2018-01-10,19.38
6,18,2018-01-10,49.18
6,19,2018-01-10,22.6
6,20,2018-01-10,28.87
6,21,2018-01-10,23.96
6,22,2018-01-10,44.39
6,23,2018-01-10,16.64
6,24,2018-01-10,35.83
6,25,2018-01-10,48.04
6,26,2018-01-10,27.24
6,27,2018-01-10,14.07
6,28,2018-01-10,50.03
6,29,2018-01-10,36.2
6,30,2018-01-10,21.19
6,31,2018-01-10,32.03
6,32,2018-01-10,24.83
6,33,2018-01-10,40.36
6,34,2018-01-10,15.13
6,35,2018-01-10,38.1
6,36,2018-01-10,44.07
6,37,2018-01-10,15.65
6,38,2018-01-10,46.08
6,39,2018-01-10,22.96
6,40,2018-01-10,17.52
6,41,2018-01-10,13.38
6,42,2018-01-10,19.41
6,43,2018-01-10,28.77
6,44,2018-01-10,17.23
6,45,2018-01-10,43.56
6,46,2018-01-10,35.94
6,47,2018-01-10,12.43
6,48,2018-01-10,27.87
6,49,2018-01-10,16.29
6,50,2018-01-10,38.95
7,1,2018-01-10,11.37
7,2,2018-01-10,29.54
7,3,2018-01-10,18.22
7,4,2018-01-10,10.41
7,5,2018-01-10,10.31
7,6,2018-01-10,29.75
7,7,2018-01-10,33.73
7,8,2018-01-10,42.77
7,9,2018-01-10,24.83
7,10,2018-01-10,38.51
7,11,2018-01-10,38.05
7,12,2018-01-10,38.72
7,13,2018-01-10,45.25
7,14,2018-01-10,33.16
7,15,2018-01-10,45.28
7,16,2018-01-10,13.45
7,17,2018-01-10,18.1
7,18,2018-01-10,47.24
7,19,2018-01-10,20.41
7,20,2018-01-10,25.34
7,21,2018-01-10,22.37
7,22,2018-01-10,44.07
7,23,2018-01-10,13.46
7,24,2018-01-10,36.9
7,25,2018-01-10,42.59
7,26,2018-01-10,23.93
7,27,2018-01-10,10.95
7,28,2018-01-10,44.92
7,29,2018-01-10,40.26
7,30,2018-01-10,21.32
7,31,2018-01-10,32.41
7,32,2018-01-10,24.01
7,33,2018-01-10,38.8
7,34,2018-01-10,15.28
7,35,2018-01-10,36.81
7,36,2018-01-10,41.03
7,37,2018-01-10,15.1
7,38,2018-01-10,38.86
7,39,2018-01-10,21.72
7,40,2018-01-10,14.14
7,41,2018-01-10,12.22
7,42,2018-01-10,19.23
7,43,2018-01-10,29.34
7,44,2018-01-10,16.13
7,45,2018-01-10,43.24
7,46,2018-01-10,31.51
7,47,2018-01-10,10.82
7,48,2018-01-10,26.0
7,49,2018-01-10,15.17
7,50,2018-01-10,33.92
8,1,2018-01-10,19.66
8,2,2018-01-10,55.75
8,3,2018-01-10,35.47
8,4,2018-01-10,19.24
8,5,2018-01-10,18.13
8,6,2018-01-10,55.27
8,7,2018-01-10,55.3
8,8,2018-01-10,66.25
8,9,2018-01-10,47.43
8,10,2018-01-10,63.35
8,11,2018-01-10,61.89
8,12,2018-01-10,62.42
8,13,2018-01-10,73.44
8,14,2018-01-10,54.67
8,15,2018-01-10,79.5
8,16,2018-01-10,22.26
8,17,2018-01-10,31.22
8,18,2018-01-10,73.05
8,19,2018-01-10,39.94
8,20,2018-01-10,46.32
8,21,2018-01-10,39.42
8,22,2018-01-10,70.79
8,23,2018-01-10,29.4
8,24,2018-01-10,61.41
8,25,2018-01-10,73.33
8,26,2018-01-10,44.37
8,27,2018-01-10,20.61
8,28,2018-01-10,74.81
8,29,2018-01-10,62.23
8,30,2018-01-10,34.75
8,31,2018-01-10,55.4
8,32,2018-01-10,38.53
8,33,2018-01-10,61.51
8,34,2018-01-10,27.41
8,35,2018-01-10,58.75
8,36,2018-01-10,67.82
8,37,2018-01-10,27.52
8,38,2018-01-10,69.51
8,39,2018-01-10,41.33
8,40,2018-01-10,27.52
8,41,2018-01-10,22.18
8,42,2018-01-10,33.31
8,43,2018-01-10,46.97
8,44,2018-01-10,28.41
8,45,2018-01-10,70.04
8,46,2018-01-10,54.58
8,47,2018-01-10,21.56
8,48,2018-01-10,48.67
8,49,2018-01-10,28.31
8,50,2018-01-10,57.57
9,1,2018-01-10,17.3
9,2,2018-01-10,47.5
9,3,2018-01-10,27.95
9,4,2018-01-10,16.6
9,5,2018-01-10,15.63
9,6,2018-01-10,44.36
9,7,2018-01-10,47.31
9,8,2018-01-10,60.38
9,9,2018-01-10,42.28
9,10,2018-01-10,57.25
9,11,2018-01-10,56.65
9,12,2018-01-10,54.32
9,13,2018-01-10,65.23
9,14,2018-01-10,45.75
9,15,2018-01-10,66.78
9,16,2018-01-10,19.15
9,17,2018-01-10,25.51
9,18,2018-01-10,62.74
9,19,2018-01-10,36.21
9,20,2018-01-10,41.09
9,21,2018-01-10,31.46
9,22,2018-01-10,61.2
9,23,2018-01-10,24.26
9,24,2018-01-10,52.17
9,25,2018-01-10,65.38
9,26,2018-01-10,37.22
9,27,2018-01-10,18.1
9,28,2018-01-10,67.07
9,29,2018-01-10,58.21
9,30,2018-01-10,32.33
9,31,2018-01-10,45.82
9,32,2018-01-10,36.29
9,33,2018-01-10,52.69
9,34,2018-01-10,19.11
9,35,2018-01-10,53.55
9,36,2018-01-10,61.78
9,37,2018-01-10,22.94
9,38,2018-01-10,61.76
9,39,2018-01-10,35.58
9,40,2018-01-10,23.95
9,41,2018-01-10,16.93
9,42,2018-01-10,27.91
9,43,2018-01-10,45.15
9,44,2018-01-10,22.51
9,45,2018-01-10,61.9
9,46,2018-01-10,45.74
9,47,2018-01-10,19.11
9,48,2018-01-10,39.77
9,49,2018-01-10,23.96
9,50,2018-01-10,52.26
10,1,2018-01-10,17.7
10,2,2018-01-10,45.33
10,3,2018-01-10,30.25
10,4,2018-01-10,18.29
10,5,2018-01-10,16.12
10,6,2018-01-10,47.76
10,7,2018-01-10,47.12
10,8,2018-01-10,60.39
10,9,2018-01-10,42.3
10,10,2018-01-10,60.07
10,11,2018-01-10,61.59
10,12,2018-01-10,59.25
10,13,2018-01-10,68.96
10,14,2018-01-10,48.14
10,15,2018-01-10,70.79
10,16,2018-01-10,21.19
10,17,2018-01-10,28.02
10,18,2018-01-10,67.32
10,19,2018-01-10,33.91
10,20,2018-01-10,38.72
10,21,2018-01-10,34.32
10,22,2018-01-10,65.66
10,23,2018-01-10,27.72
10,24,2018-01-10,57.5
10,25,2018-01-10,65.57
10,26,2018-01-10,39.72
10,27,2018-01-10,19.23
10,28,2018-01-10,68.63
10,29,2018-01-10,59.9
10,30,2018-01-10,33.93
10,31,2018-01-10,49.02
10,32,2018-01-10,37.38
10,33,2018-01-10,58.09
10,34,2018-01-10,21.05
10,35,2018-01-10,53.5
10,36,2018-01-10,64.87
10,37,2018-01-10,25.38
10,38,2018-01-10,65.18
10,39,2018-01-10,35.12
10,40,2018-01-10,26.82
10,41,2018-01-10,17.75
10,42,2018-01-10,31.36
10,43,2018-01-10,43.75
10,44,2018-01-10,24.23
10,45,2018-01-10,66.42
10,46,2018-01-10,51.49
10,47,2018-01-10,16.7
10,48,2018-01-10,43.61
10,49,2018-01-10,25.39
10,50,2018-01-10,56.05
1,1,2018-01-11,16.79
1,2,2018-01-11,46.07
1,3,2018-01-11,23.51
1,4,2018-01-11,16.14
1,5,2018-01-11,14.33
1,6,2018-01-11,44.02
1,7,2018-01-11,42.72
1,8,2018-01-11,54.16
1,9,2018-01-11,36.94
1,10,2018-01-11,54.84
1,11,2018-01-11,52.03
1,12,2018-01-11,50.17
1,13,2018-01-11,59.28
1,14,2018-01-11,41.52
1,15,2018-01-11,64.77
1,16,2018-01-11,21.2
1,17,2018-01-11,23.5
1,18,2018-01-11,60.63
1,19,2018-01-11,31.59
1,20,2018-01-11,35.29
1,21,2018-01-11,28.41
1,22,2018-01-11,59.96
1,23,2018-01-11,21.99
1,24,2018-01-11,45.23
1,25,2018-01-11,59.17
1,26,2018-01-11,38.64
1,27,2018-01-11,16.0
1,28,2018-01-11,58.36
1,29,2018-01-11,51.27
1,30,2018-01-11,27.71
1,31,2018-01-11,39.63
1,32,2018-01-11,31.72
1,33,2018-01-11,50.31
1,34,2018-01-11,21.16
1,35,2018-01-11,48.0
1,36,2018-01-11,57.69
1,37,2018-01-11,19.19
1,38,2018-01-11,60.06
1,39,2018-01-11,31.09
1,40,2018-01-11,21.99
1,41,2018-01-11,16.49
1,42,2018-01-11,22.46
1,43,2018-01-11,35.69
1,44,2018-01-11,22.82
1,45,2018-01-11,59.02
1,46,2018-01-11,44.89
1,47,2018-01-11,14.9
1,48,2018-01-11,37.88
1,49,2018-01-11,23.0
1,50,2018-01-11,47.73
2,1,2018-01-11,21.1
2,2,2018-01-11,58.24
2,3,2018-01-11,38.67
2,4,2018-01-11,22.76
2,5,2018-01-11,18.41
2,6,2018-01-11,59.87
2,7,2018-01-11,60.18
2,8,2018-01-11,72.25
2,9,2018-01-11,53.91
2,10,2018-01-11,72.22
2,11,2018-01-11,70.81
2,12,2018-01-11,70.35
2,13,2018-01-11,84.42
2,14,2018-01-11,60.33
2,15,2018-01-11,87.66
2,16,2018-01-11,22.8
2,17,2018-01-11,33.7
2,18,2018-01-11,80.5
2,19,2018-01-11,40.96
2,20,2018-01-11,45.06
2,21,2018-01-11,41.28
2,22,2018-01-11,79.37
2,23,2018-01-11,33.58
2,24,2018-01-11,65.23
2,25,2018-01-11,81.27
2,26,2018-01-11,50.42
2,27,2018-01-11,25.13
2,28,2018-01-11,82.58
2,29,2018-01-11,68.4
2,30,2018-01-11,41.17
2,31,2018-01-11,59.61
2,32,2018-01-11,47.42
2,33,2018-01-11,66.02
2,34,2018-01-11,25.59
2,35,2018-01-11,64.47
2,36,2018-01-11,76.94
2,37,2018-01-11,29.06
2,38,2018-01-11,75.09
2,39,2018-01-11,46.27
2,40,2018-01-11,31.49
2,41,2018-01-11,21.9
2,42,2018-01-11,41.01
2,43,2018-01-11,55.79
2,44,2018-01-11,29.72
2,45,2018-01-11,79.45
2,46,2018-01-11,58.74
2,47,2018-01-11,23.87
2,48,2018-01-11,51.46
2,49,2018-01-11,31.16
2,50,2018-01-11,62.09
3,1,2018-01-11,19.26
3,2,2018-01-11,55.68
3,3,2018-01-11,31.35
3,4,2018-01-11,20.88
3,5,2018-01-11,17.65
3,6,2018-01-11,51.64
3,7,2018-01-11,53.62
3,8,2018-01-11,65.01
3,9,2018-01-11,47.66
3,10,2018-01-11,61.62
3,11,2018-01-11,64.19
3,12,2018-01-11,62.79
3,13,2018-01-11,75.53
3,14,2018-01-11,53.97
3,15,2018-01-11,72.86
3,16,2018-01-11,25.63
3,17,2018-01-11,31.04
3,18,2018-01-11,74.07
3,19,2018-01-11,35.93
3,20,2018-01-11,43.8
3,21,2018-01-11,38.58
3,22,2018-01-11,72.41
3,23,2018-01-11,27.48
3,24,2018-01-11,66.07
3,25,2018-01-11,71.56
3,26,2018-01-11,41.57
3,27,2018-01-11,21.43
3,28,2018-01-11,76.39
3,29,2018-01-11,62.61
3,30,2018-01-11,39.32
3,31,2018-01-11,51.35
3,32,2018-01-11,42.16
3,33,2018-01-11,63.21
3,34,2018-01-11,23.4
3,35,2018-01-11,60.88
3,36,2018-01-11,68.6
3,37,2018-01-11,26.09
3,38,2018-01-11,72.26
3,39,2018-01-11,42.28
3,40,2018-01-11,29.44
3,41,2018-01-11,21.14
3,42,2018-01-11,34.23
3,43,2018-01-11,42.89
3,44,2018-01-11,26.94
3,45,2018-01-11,72.36
3,46,2018-01-11,57.3
3,47,2018-01-11,20.51
3,48,2018-01-11,47.64
3,49,2018-01-11,28.43
3,50,2018-01-11,58.31
4,1,2018-01-11,19.68
4,2,2018-01-11,46.51
4,3,2018-01-11,34.65
4,4,2018-01-11,20.84
4,5,2018-01-11,16.57
4,6,2018-01-11,49.81
4,7,2018-01-11,48.31
4,8,2018-01-11,61.68
4,9,2018-01-11,43.41
4,10,2018-01-11,58.28
4,11,2018-01-11,61.12
4,12,2018-01-11,60.46
4,13,2018-01-11,71.3
4,14,2018-01-11,50.95
4,15,2018-01-11,74.44
4,16,2018-01-11,20.19
4,17,2018-01-11,25.23
4,18,2018-01-11,72.1
4,19,2018-01-11,36.5
4,20,2018-01-11,40.25
4,21,2018-01-11,36.71
4,22,2018-01-11,67.88
4,23,2018-01-11,23.47
4,24,2018-01-11,55.37
4,25,2018-01-11,68.7
4,26,2018-01-11,40.25
4,27,2018-01-11,18.13
4,28,2018-01-11,71.35
4,29,2018-01-11,58.37
4,30,2018-01-11,35.6
4,31,2018-01-11,49.82
4,32,2018-01-11,37.59
4,33,2018-01-11,58.22
4,34,2018-01-11,22.09
4,35,2018-01-11,54.06
4,36,2018-01-11,65.26
4,37,2018-01-11,24.59
4,38,2018-01-11,66.3
4,39,2018-01-11,37.51
4,40,2018-01-11,25.01
4,41,2018-01-11,18.75
4,42,2018-01-11,31.13
4,43,2018-01-11,43.92
4,44,2018-01-11,25.04
4,45,2018-01-11,65.21
4,46,2018-01-11,48.02
4,47,2018-01-11,19.97
4,48,2018-01-11,43.79
4,49,2018-01-11,25.12
4,50,2018-01-11,54.42
5,1,2018-01-11,13.87
5,2,2018-01-11,34.54
5,3,2018-01-11,22.24
5,4,2018-01-11,12.6
5,5,2018-01-11,10.58
5,6,2018-01-11,34.42
5,7,2018-01-11,36.21
5,8,2018-01-11,48.1
5,9,2018-01-11,31.3
5,10,2018-01-11,44.4
5,11,2018-01-11,43.43
5,12,2018-01-11,43.66
5,13,2018-01-11,50.91
5,14,2018-01-11,40.32
5,15,2018-01-11,55.79
5,16,2018-01-11,14.56
5,17,2018-01-11,18.45
5,18,2018-01-11,51.68
5,19,2018-01-11,23.56
5,20,2018-01-11,27.86
5,21,2018-01-11,23.42
5,22,2018-01-11,48.77
5,23,2018-01-11,16.99
5,24,2018-01-11,39.02
5,25,2018-01-11,49.53
5,26,2018-01-11,26.77
5,27,2018-01-11,13.66
5,28,2018-01-11,57.82
5,29,2018-01-11,40.17
5,30,2018-01-11,25.3
5,31,2018-01-11,36.56
5,32,2018-01-11,27.54
5,33,2018-01-11,39.87
5,34,2018-01-11,15.17
5,35,2018-01-11,39.05
5,36,2018-01-11,47.25
5,37,2018-01-11,16.86
5,38,2018-01-11,50.67
5,39,2018-01-11,28.28
5,40,2018-01-11,18.1
5,41,2018-01-11,13.41
5,42,2018-01-11,21.81
5,43,2018-01-11,30.44
5,44,2018-01-11,18.5
5,45,2018-01-11,49.11
5,46,2018-01-11,38.45
5,47,2018-01-11,13.98
5,48,2018-01-11,33.69
5,49,2018-01-11,18.07
5,50,2018-01-11,39.06
6,1,2018-01-11,11.14
6,2,2018-01-11,37.29
6,3,2018-01-11,23.77
6,4,2018-01-11,11.78
6,5,2018-01-11,10.5
6,6,2018-01-11,34.42
6,7,2018-01-11,37.5
6,8,2018-01-11,47.4
6,9,2018-01-11,35.43
6,10,2018-01-11,44.8
6,11,2018-01-11,44.38
6,12,2018-01-11,44.67
6,13,2018-01-11,52.35
6,14,2018-01-11,36.26
6,15,2018-01-11,51.6
6,16,2018-01-11,16.61
6,17,2018-01-11,19.94
6,18,2018-01-11,52.02
6,19,2018-01-11,24.95
6,20,2018-01-11,31.46
6,21,2018-01-11,25.46
6,22,2018-01-11,49.16
6,23,2018-01-11,16.92
6,24,2018-01-11,39.88
6,25,2018-01-11,50.63
6,26,2018-01-11,28.62
6,27,2018-01-11,13.82
6,28,2018-01-11,55.08
6,29,2018-01-11,41.25
6,30,2018-01-11,23.73
6,31,2018-01-11,34.44
6,32,2018-01-11,29.42
6,33,2018-01-11,42.28
6,34,2018-01-11,15.44
6,35,2018-01-11,39.71
6,36,2018-01-11,46.0
6,37,2018-01-11,17.5
6,38,2018-01-11,49.53
6,39,2018-01-11,26.54
6,40,2018-01-11,18.24
6,41,2018-01-11,13.35
6,42,2018-01-11,23.22
6,43,2018-01-11,30.23
6,44,2018-01-11,18.15
6,45,2018-01-11,49.02
6,46,2018-01-11,36.78
6,47,2018-01-11,13.86
6,48,2018-01-11,29.42
6,49,2018-01-11,17.42
6,50,2018-01-11,43.29
7,1,2018-01-11,13.38
7,2,2018-01-11,30.03
7,3,2018-01-11,19.0
7,4,2018-01-11,10.64
7,5,2018-01-11,9.58
7,6,2018-01-11,32.58
7,7,2018-01-11,37.62
7,8,2018-01-11,45.25
7,9,2018-01-11,28.79
7,10,2018-01-11,40.18
7,11,2018-01-11,39.87
7,12,2018-01-11,40.71
7,13,2018-01-11,47.57
7,14,2018-01-11,32.71
7,15,2018-01-11,46.02
7,16,2018-01-11,15.11
7,17,2018-01-11,20.35
7,18,2018-01-11,48.35
7,19,2018-01-11,22.23
7,20,2018-01-11,24.59
7,21,2018-01-11,22.51
7,22,2018-01-11,45.88
7,23,2018-01-11,15.04
7,24,2018-01-11,40.06
7,25,2018-01-11,45.97
7,26,2018-01-11,25.18
7,27,2018-01-11,11.69
7,28,2018-01-11,47.84
7,29,2018-01-11,43.37
7,30,2018-01-11,22.8
7,31,2018-01-11,33.69
7,32,2018-01-11,24.83
7,33,2018-01-11,44.85
7,34,2018-01-11,14.51
7,35,2018-01-11,37.66
7,36,2018-01-11,41.47
7,37,2018-01-11,16.15
7,38,2018-01-11,44.02
7,39,2018-01-11,23.64
7,40,2018-01-11,16.15
7,41,2018-01-11,12.56
7,42,2018-01-11,19.55
7,43,2018-01-11,28.99
7,44,2018-01-11,16.84
7,45,2018-01-11,45.85
7,46,2018-01-11,30.91
7,47,2018-01-11,11.12
7,48,2018-01-11,30.26
7,49,2018-01-11,15.66
7,50,2018-01-11,36.96
8,1,2018-01-11,22.73
8,2,2018-01-11,59.94
8,3,2018-01-11,38.25
8,4,2018-01-11,21.41
8,5,2018-01-11,18.9
8,6,2018-01-11,57.08
8,7,2018-01-11,58.05
8,8,2018-01-11,70.34
8,9,2018-01-11,52.09
8,10,2018-01-11,66.11
8,11,2018-01-11,63.73
8,12,2018-01-11,67.39
8,13,2018-01-11,79.83
8,14,2018-01-11,57.0
8,15,2018-01-11,84.96
8,16,2018-01-11,23.83
8,17,2018-01-11,34.66
8,18,2018-01-11,78.02
8,19,2018-01-11,41.13
8,20,2018-01-11,47.27
8,21,2018-01-11,41.45
8,22,2018-01-11,74.23
8,23,2018-01-11,30.74
8,24,2018-01-11,66.58
8,25,2018-01-11,74.88
8,26,2018-01-11,46.98
8,27,2018-01-11,21.16
8,28,2018-01-11,78.75
8,29,2018-01-11,66.89
8,30,2018-01-11,37.69
8,31,2018-01-11,59.12
8,32,2018-01-11,43.06
8,33,2018-01-11,66.15
8,34,2018-01-11,29.86
8,35,2018-01-11,63.02
8,36,2018-01-11,72.43
8,37,2018-01-11,29.38
8,38,2018-01-11,73.46
8,39,2018-01-11,44.07
8,40,2018-01-11,28.52
8,41,2018-01-11,25.95
8,42,2018-01-11,37.03
8,43,2018-01-11,49.59
8,44,2018-01-11,30.55
8,45,2018-01-11,73.72
8,46,2018-01-11,57.64
8,47,2018-01-11,21.89
8,48,2018-01-11,51.73
8,49,2018-01-11,31.14
8,50,2018-01-11,61.67
9,1,2018-01-11,19.34
9,2,2018-01-11,49.6
9,3,2018-01-11,30.31
9,4,2018-01-11,17.66
9,5,2018-01-11,16.69
9,6,2018-01-11,47.82
9,7,2018-01-11,50.39
9,8,2018-01-11,64.92
9,9,2018-01-11,43.23
9,10,2018-01-11,60.12
9,11,2018-01-11,60.53
9,12,2018-01-11,59.61
9,13,2018-01-11,68.17
9,14,2018-01-11,48.98
9,15,2018-01-11,72.4
9,16,2018-01-11,21.21
9,17,2018-01-11,26.53
9,18,2018-01-11,64.21
9,19,2018-01-11,36.67
9,20,2018-01-11,39.97
9,21,2018-01-11,33.04
9,22,2018-01-11,64.04
9,23,2018-01-11,25.32
9,24,2018-01-11,56.36
9,25,2018-01-11,69.33
9,26,2018-01-11,42.24
9,27,2018-01-11,18.99
9,28,2018-01-11,72.15
9,29,2018-01-11,60.22
9,30,2018-01-11,33.68
9,31,2018-01-11,51.28
9,32,2018-01-11,38.74
9,33,2018-01-11,59.58
9,34,2018-01-11,20.59
9,35,2018-01-11,58.35
9,36,2018-01-11,64.66
9,37,2018-01-11,26.44
9,38,2018-01-11,66.14
9,39,2018-01-11,37.46
9,40,2018-01-11,24.75
9,41,2018-01-11,17.84
9,42,2018-01-11,30.83
9,43,2018-01-11,46.85
9,44,2018-01-11,23.49
9,45,2018-01-11,66.79
9,46,2018-01-11,48.81
9,47,2018-01-11,19.89
9,48,2018-01-11,41.14
9,49,2018-01-11,26.2
9,50,2018-01-11,56.78
10,1,2018-01-11,16.85
10,2,2018-01-11,49.37
10,3,2018-01-11,32.75
10,4,2018-01-11,21.64
10,5,2018-01-11,16.96
10,6,2018-01-11,53.06
10,7,2018-01-11,50.08
10,8,2018-01-11,64.73
10,9,2018-01-11,44.39
10,10,2018-01-11,62.76
10,11,2018-01-11,62.95
10,12,2018-01-11,63.77
10,13,2018-01-11,73.03
10,14,2018-01-11,51.19
10,15,2018-01-11,74.28
10,16,2018-01-11,23.86
10,17,2018-01-11,31.28
10,18,2018-01-11,72.04
10,19,2018-01-11,35.78
10,20,2018-01-11,41.7
10,21,2018-01-11,36.23
10,22,2018-01-11,70.23
10,23,2018-01-11,28.52
10,24,2018-01-11,58.37
10,25,2018-01-11,71.59
10,26,2018-01-11,43.12
10,27,2018-01-11,21.5
10,28,2018-01-11,72.57
10,29,2018-01-11,62.57
10,30,2018-01-11,35.98
10,31,2018-01-11,53.25
10,32,2018-01-11,38.2
10,33,2018-01-11,61.23
10,34,2018-01-11,23.13
10,35,2018-01-11,58.08
10,36,2018-01-11,67.42
10,37,2018-01-11,27.74
10,38,2018-01-11,70.61
10,39,2018-01-11,39.89
10,40,2018-01-11,26.47
10,41,2018-01-11,18.28
10,42,2018-01-11,32.45
10,43,2018-01-11,46.73
10,44,2018-01-11,27.24
10,45,2018-01-11,70.61
10,46,2018-01-11,54.01
10,47,2018-01-11,17.32
10,48,2018-01-11,44.83
10,49,2018-01-11,28.73
10,50,2018-01-11,58.58
1,1,2018-01-12,17.94
1,2,2018-01-12,47.33
1,3,2018-01-12,29.19
1,4,2018-01-12,16.73
1,5,2018-01-12,14.25
1,6,2018-01-12,46.64
1,7,2018-01-12,45.7
1,8,2018-01-12,58.1
1,9,2018-01-12,41.11
1,10,2018-01-12,59.72
1,11,2018-01-12,51.65
1,12,2018-01-12,53.28
1,13,2018-01-12,62.71
1,14,2018-01-12,44.9
1,15,2018-01-12,66.96
1,16,2018-01-12,19.57
1,17,2018-01-12,25.36
1,18,2018-01-12,61.57
1,19,2018-01-12,30.58
1,20,2018-01-12,38.97
1,21,2018-01-12,29.28
1,22,2018-01-12,61.03
1,23,2018-01-12,23.51
1,24,2018-01-12,49.18
1,25,2018-01-12,61.87
1,26,2018-01-12,40.28
1,27,2018-01-12,17.02
1,28,2018-01-12,62.05
1,29,2018-01-12,57.17
1,30,2018-01-12,28.75
1,31,2018-01-12,44.6
1,32,2018-01-12,34.56
1,33,2018-01-12,53.96
1,34,2018-01-12,22.88
1,35,2018-01-12,51.19
1,36,2018-01-12,61.39
1,37,2018-01-12,20.4
1,38,2018-01-12,63.45
1,39,2018-01-12,35.18
1,40,2018-01-12,24.13
1,41,2018-01-12,17.54
1,42,2018-01-12,24.59
1,43,2018-01-12,38.69
1,44,2018-01-12,25.27
1,45,2018-01-12,62.58
1,46,2018-01-12,45.71
1,47,2018-01-12,16.86
1,48,2018-01-12,39.06
1,49,2018-01-12,24.06
1,50,2018-01-12,49.47
2,1,2018-01-12,22.25
2,2,2018-01-12,62.08
2,3,2018-01-12,40.07
2,4,2018-01-12,23.34
2,5,2018-01-12,19.88
2,6,2018-01-12,62.42
2,7,2018-01-12,62.97
2,8,2018-01-12,77.46
2,9,2018-01-12,54.28
2,10,2018-01-12,77.4
2,11,2018-01-12,74.92
2,12,2018-01-12,76.54
2,13,2018-01-12,84.16
2,14,2018-01-12,64.3
2,15,2018-01-12,90.61
2,16,2018-01-12,25.66
2,17,2018-01-12,33.79
2,18,2018-01-12,86.28
2,19,2018-01-12,42.97
2,20,2018-01-12,50.38
2,21,2018-01-12,43.62
2,22,2018-01-12,84.97
2,23,2018-01-12,35.01
2,24,2018-01-12,67.79
2,25,2018-01-12,81.77
2,26,2018-01-12,57.57
2,27,2018-01-12,24.99
2,28,2018-01-12,89.72
2,29,2018-01-12,75.03
2,30,2018-01-12,42.35
2,31,2018-01-12,64.02
2,32,2018-01-12,49.27
2,33,2018-01-12,70.22
2,34,2018-01-12,26.58
2,35,2018-01-12,72.35
2,36,2018-01-12,80.27
2,37,2018-01-12,32.99
2,38,2018-01-12,79.38
2,39,2018-01-12,47.21
2,40,2018-01-12,33.61
2,41,2018-01-12,23.27
2,42,2018-01-12,43.75
2,43,2018-01-12,60.65
2,44,2018-01-12,31.6
2,45,2018-01-12,82.3
2,46,2018-01-12,64.69
2,47,2018-01-12,24.84
2,48,2018-01-12,55.91
2,49,2018-01-12,32.94
2,50,2018-01-12,67.76
3,1,2018-01-12,20.8
3,2,2018-01-12,55.95
3,3,2018-01-12,33.34
3,4,2018-01-12,21.89
3,5,2018-01-12,18.91
3,6,2018-01-12,55.07
3,7,2018-01-12,56.67
3,8,2018-01-12,71.14
3,9,2018-01-12,49.53
3,10,2018-01-12,61.78
3,11,2018-01-12,68.77
3,12,2018-01-12,68.08
3,13,2018-01-12,79.52
3,14,2018-01-12,60.73
3,15,2018-01-12,81.43
3,16,2018-01-12,28.84
3,17,2018-01-12,33.36
3,18,2018-01-12,81.09
3,19,2018-01-12,38.24
3,20,2018-01-12,46.47
3,21,2018-01-12,39.0
3,22,2018-01-12,76.15
3,23,2018-01-12,29.77
3,24,2018-01-12,71.53
3,25,2018-01-12,76.94
3,26,2018-01-12,42.76
3,27,2018-01-12,22.41
3,28,2018-01-12,78.42
3,29,2018-01-12,69.4
3,30,2018-01-12,39.08
3,31,2018-01-12,56.32
3,32,2018-01-12,44.85
3,33,2018-01-12,67.51
3,34,2018-01-12,25.94
3,35,2018-01-12,67.83
3,36,2018-01-12,77.76
3,37,2018-01-12,28.57
3,38,2018-01-12,77.43
3,39,2018-01-12,44.5
3,40,2018-01-12,30.09
3,41,2018-01-12,21.72
3,42,2018-01-12,36.14
3,43,2018-01-12,45.32
3,44,2018-01-12,28.69
3,45,2018-01-12,77.65
3,46,2018-01-12,55.2
3,47,2018-01-12,21.22
3,48,2018-01-12,50.73
3,49,2018-01-12,31.69
3,50,2018-01-12,61.39
4,1,2018-01-12,20.28
4,2,2018-01-12,48.11
4,3,2018-01-12,35.66
4,4,2018-01-12,22.22
4,5,2018-01-12,17.08
4,6,2018-01-12,51.41
4,7,2018-01-12,53.19
4,8,2018-01-12,65.48
4,9,2018-01-12,46.49
4,10,2018-01-12,64.66
4,11,2018-01-12,64.83
4,12,2018-01-12,63.57
4,13,2018-01-12,74.32
4,14,2018-01-12,51.4
4,15,2018-01-12,78.3
4,16,2018-01-12,22.72
4,17,2018-01-12,28.98
4,18,2018-01-12,74.62
4,19,2018-01-12,40.41
4,20,2018-01-12,42.57
4,21,2018-01-12,40.26
4,22,2018-01-12,71.55
4,23,2018-01-12,24.84
4,24,2018-01-12,57.66
4,25,2018-01-12,72.42
4,26,2018-01-12,44.43
4,27,2018-01-12,20.2
4,28,2018-01-12,77.71
4,29,2018-01-12,59.49
4,30,2018-01-12,37.12
4,31,2018-01-12,55.55
4,32,2018-01-12,40.13
4,33,2018-01-12,62.55
4,34,2018-01-12,25.11
4,35,2018-01-12,56.05
4,36,2018-01-12,69.81
4,37,2018-01-12,27.23
4,38,2018-01-12,71.23
4,39,2018-01-12,39.04
4,40,2018-01-12,26.14
4,41,2018-01-12,19.09
4,42,2018-01-12,33.69
4,43,2018-01-12,44.55
4,44,2018-01-12,27.43
4,45,2018-01-12,70.32
4,46,2018-01-12,52.29
4,47,2018-01-12,22.28
4,48,2018-01-12,46.42
4,49,2018-01-12,25.19
4,50,2018-01-12,60.47
5,1,2018-01-12,15.3
5,2,2018-01-12,38.18
5,3,2018-01-12,23.87
5,4,2018-01-12,12.36
5,5,2018-01-12,12.23
5,6,2018-01-12,37.9
5,7,2018-01-12,37.98
5,8,2018-01-12,51.55
5,9,2018-01-12,36.24
5,10,2018-01-12,48.36
5,11,2018-01-12,46.26
5,12,2018-01-12,44.81
5,13,2018-01-12,52.56
5,14,2018-01-12,44.94
5,15,2018-01-12,59.18
5,16,2018-01-12,16.71
5,17,2018-01-12,20.26
5,18,2018-01-12,57.04
5,19,2018-01-12,24.44
5,20,2018-01-12,30.44
5,21,2018-01-12,24.48
5,22,2018-01-12,50.63
5,23,2018-01-12,17.26
5,24,2018-01-12,38.63
5,25,2018-01-12,53.18
5,26,2018-01-12,27.42
5,27,2018-01-12,14.05
5,28,2018-01-12,58.94
5,29,2018-01-12,44.81
5,30,2018-01-12,27.1
5,31,2018-01-12,39.52
5,32,2018-01-12,30.71
5,33,2018-01-12,40.55
5,34,2018-01-12,16.33
5,35,2018-01-12,41.23
5,36,2018-01-12,48.05
5,37,2018-01-12,18.8
5,38,2018-01-12,55.61
5,39,2018-01-12,29.05
5,40,2018-01-12,17.29
5,41,2018-01-12,14.29
5,42,2018-01-12,23.5
5,43,2018-01-12,31.63
5,44,2018-01-12,18.36
5,45,2018-01-12,50.62
5,46,2018-01-12,39.54
5,47,2018-01-12,15.95
5,48,2018-01-12,35.51
5,49,2018-01-12,17.52
5,50,2018-01-12,40.28
6,1,2018-01-12,13.65
6,2,2018-01-12,38.99
6,3,2018-01-12,24.81
6,4,2018-01-12,11.46
6,5,2018-01-12,11.06
6,6,2018-01-12,37.5
6,7,2018-01-12,41.18
6,8,2018-01-12,50.56
6,9,2018-01-12,40.14
6,10,2018-01-12,49.47
6,11,2018-01-12,45.55
6,12,2018-01-12,47.66
6,13,2018-01-12,53.93
6,14,2018-01-12,39.39
6,15,2018-01-12,55.81
6,16,2018-01-12,18.64
6,17,2018-01-12,21.2
6,18,2018-01-12,56.01
6,19,2018-01-12,25.75
6,20,2018-01-12,32.11
6,21,2018-01-12,28.65
6,22,2018-01-12,51.07
6,23,2018-01-12,18.55
6,24,2018-01-12,40.44
6,25,2018-01-12,52.18
6,26,2018-01-12,30.77
6,27,2018-01-12,14.59
6,28,2018-01-12,55.72
6,29,2018-01-12,42.63
6,30,2018-01-12,26.14
6,31,2018-01-12,35.24
6,32,2018-01-12,29.17
6,33,2018-01-12,44.66
6,34,2018-01-12,16.57
6,35,2018-01-12,41.53
6,36,2018-01-12,47.87
6,37,2018-01-12,19.48
6,38,2018-01-12,50.72
6,39,2018-01-12,26.69
6,40,2018-01-12,20.76
6,41,2018-01-12,14.78
6,42,2018-01-12,23.98
6,43,2018-01-12,32.06
6,44,2018-01-12,18.79
6,45,2018-01-12,48.18
6,46,2018-01-12,38.6
6,47,2018-01-12,14.67
6,48,2018-01-12,30.87
6,49,2018-01-12,17.44
6,50,2018-01-12,45.52
7,1,2018-01-12,13.81
7,2,2018-01-12,33.93
7,3,2018-01-12,21.37
7,4,2018-01-12,11.48
7,5,2018-01-12,10.11
7,6,2018-01-12,35.19
7,7,2018-01-12,38.75
7,8,2018-01-12,47.59
7,9,2018-01-12,29.42
7,10,2018-01-12,43.46
7,11,2018-01-12,41.29
7,12,2018-01-12,42.56
7,13,2018-01-12,50.31
7,14,2018-01-12,34.85
7,15,2018-01-12,50.32
7,16,2018-01-12,14.36
7,17,2018-01-12,19.44
7,18,2018-01-12,51.07
7,19,2018-01-12,23.33
7,20,2018-01-12,27.04
7,21,2018-01-12,24.45
7,22,2018-01-12,48.25
7,23,2018-01-12,15.1
7,24,2018-01-12,39.66
7,25,2018-01-12,47.77
7,26,2018-01-12,27.25
7,27,2018-01-12,11.82
7,28,2018-01-12,52.14
7,29,2018-01-12,45.37
7,30,2018-01-12,24.41
7,31,2018-01-12,36.25
7,32,2018-01-12,27.03
7,33,2018-01-12,43.25
7,34,2018-01-12,16.62
7,35,2018-01-12,39.79
7,36,2018-01-12,45.23
7,37,2018-01-12,17.0
7,38,2018-01-12,46.19
7,39,2018-01-12,25.61
7,40,2018-01-12,17.07
7,41,2018-01-12,12.54
7,42,2018-01-12,20.45
7,43,2018-01-12,32.3
7,44,2018-01-12,19.12
7,45,2018-01-12,47.65
7,46,2018-01-12,35.0
7,47,2018-01-12,13.31
7,48,2018-01-12,31.65
7,49,2018-01-12,15.85
7,50,2018-01-12,40.59
8,1,2018-01-12,23.77
8,2,2018-01-12,63.23
8,3,2018-01-12,40.98
8,4,2018-01-12,21.28
8,5,2018-01-12,20.68
8,6,2018-01-12,62.3
8,7,2018-01-12,60.51
8,8,2018-01-12,74.5
8,9,2018-01-12,56.94
8,10,2018-01-12,71.46
8,11,2018-01-12,70.94
8,12,2018-01-12,72.23
8,13,2018-01-12,81.37
8,14,2018-01-12,61.59
8,15,2018-01-12,89.18
8,16,2018-01-12,24.95
8,17,2018-01-12,35.34
8,18,2018-01-12,82.12
8,19,2018-01-12,41.68
8,20,2018-01-12,47.87
8,21,2018-01-12,47.35
8,22,2018-01-12,81.01
8,23,2018-01-12,33.17
8,24,2018-01-12,68.69
8,25,2018-01-12,80.9
8,26,2018-01-12,48.86
8,27,2018-01-12,23.44
8,28,2018-01-12,83.68
8,29,2018-01-12,76.39
8,30,2018-01-12,37.26
8,31,2018-01-12,64.39
8,32,2018-01-12,45.51
8,33,2018-01-12,70.12
8,34,2018-01-12,30.78
8,35,2018-01-12,69.02
8,36,2018-01-12,77.01
8,37,2018-01-12,33.13
8,38,2018-01-12,78.15
8,39,2018-01-12,47.91
8,40,2018-01-12,29.38
8,41,2018-01-12,26.27
8,42,2018-01-12,38.04
8,43,2018-01-12,53.99
8,44,2018-01-12,33.51
8,45,2018-01-12,81.5
8,46,2018-01-12,61.7
8,47,2018-01-12,23.15
8,48,2018-01-12,56.9
8,49,2018-01-12,33.22
8,50,2018-01-12,67.04
9,1,2018-01-12,18.84
9,2,2018-01-12,54.32
9,3,2018-01-12,32.81
9,4,2018-01-12,18.92
9,5,2018-01-12,17.17
9,6,2018-01-12,51.45
9,7,2018-01-12,53.63
9,8,2018-01-12,68.93
9,9,2018-01-12,46.29
9,10,2018-01-12,64.73
9,11,2018-01-12,62.53
9,12,2018-01-12,60.04
9,13,2018-01-12,72.62
9,14,2018-01-12,51.85
9,15,2018-01-12,78.07
9,16,2018-01-12,22.55
9,17,2018-01-12,30.09
9,18,2018-01-12,71.75
9,19,2018-01-12,38.77
9,20,2018-01-12,46.48
9,21,2018-01-12,35.36
9,22,2018-01-12,73.34
9,23,2018-01-12,26.73
9,24,2018-01-12,60.77
9,25,2018-01-12,73.18
9,26,2018-01-12,41.45
9,27,2018-01-12,19.65
9,28,2018-01-12,79.4
9,29,2018-01-12,66.48
9,30,2018-01-12,37.62
9,31,2018-01-12,53.74
9,32,2018-01-12,40.0
9,33,2018-01-12,61.64
9,34,2018-01-12,22.13
9,35,2018-01-12,64.2
9,36,2018-01-12,69.27
9,37,2018-01-12,27.83
9,38,2018-01-12,71.51
9,39,2018-01-12,38.84
9,40,2018-01-12,26.45
9,41,2018-01-12,18.89
9,42,2018-01-12,33.04
9,43,2018-01-12,47.75
9,44,2018-01-12,24.83
9,45,2018-01-12,70.6
9,46,2018-01-12,51.21
9,47,2018-01-12,20.55
9,48,2018-01-12,46.33
9,49,2018-01-12,26.37
9,50,2018-01-12,58.27
10,1,2018-01-12,19.1
10,2,2018-01-12,51.99
10,3,2018-01-12,35.3
10,4,2018-01-12,20.42
10,5,2018-01-12,17.88
10,6,2018-01-12,54.45
10,7,2018-01-12,53.66
10,8,2018-01-12,71.21
10,9,2018-01-12,47.84
10,10,2018-01-12,68.1
10,11,2018-01-12,66.96
10,12,2018-01-12,67.09
10,13,2018-01-12,76.98
10,14,2018-01-12,52.94
10,15,2018-01-12,82.37
10,16,2018-01-12,25.05
10,17,2018-01-12,32.6
10,18,2018-01-12,77.78
10,19,2018-01-12,37.49
10,20,2018-01-12,45.44
10,21,2018-01-12,38.25
10,22,2018-01-12,78.09
10,23,2018-01-12,32.58
10,24,2018-01-12,64.54
10,25,2018-01-12,75.7
10,26,2018-01-12,44.31
10,27,2018-01-12,21.7
10,28,2018-01-12,81.09
10,29,2018-01-12,68.59
10,30,2018-01-12,37.76
10,31,2018-01-12,56.76
10,32,2018-01-12,40.17
10,33,2018-01-12,65.54
10,34,2018-01-12,24.16
10,35,2018-01-12,61.19
10,36,2018-01-12,73.47
10,37,2018-01-12,30.82
10,38,2018-01-12,73.4
10,39,2018-01-12,41.75
10,40,2018-01-12,28.39
10,41,2018-01-12,21.14
10,42,2018-01-12,35.18
10,43,2018-01-12,52.08
10,44,2018-01-12,29.42
10,45,2018-01-12,74.13
10,46,2018-01-12,58.48
10,47,2018-01-12,19.01
10,48,2018-01-12,47.87
10,49,2018-01-12,28.56
10,50,2018-01-12,62.76
1,1,2018-01-13,19.03
1,2,2018-01-13,49.97
1,3,2018-01-13,28.95
1,4,2018-01-13,17.32
1,5,2018-01-13,16.34
1,6,2018-01-13,50.67
1,7,2018-01-13,52.41
1,8,2018-01-13,61.65
1,9,2018-01-13,42.53
1,10,2018-01-13,64.19
1,11,2018-01-13,57.03
1,12,2018-01-13,55.89
1,13,2018-01-13,66.26
1,14,2018-01-13,48.18
1,15,2018-01-13,70.39
1,16,2018-01-13,22.97
1,17,2018-01-13,28.57
1,18,2018-01-13,67.27
1,19,2018-01-13,33.92
1,20,2018-01-13,40.17
1,21,2018-01-13,31.24
1,22,2018-01-13,63.43
1,23,2018-01-13,25.31
1,24,2018-01-13,48.77
1,25,2018-01-13,65.97
1,26,2018-01-13,43.02
1,27,2018-01-13,18.44
1,28,2018-01-13,69.88
1,29,2018-01-13,58.76
1,30,2018-01-13,31.24
1,31,2018-01-13,44.21
1,32,2018-01-13,34.11
1,33,2018-01-13,58.38
1,34,2018-01-13,22.5
1,35,2018-01-13,55.21
1,36,2018-01-13,63.55
1,37,2018-01-13,22.35
1,38,2018-01-13,67.47
1,39,2018-01-13,36.35
1,40,2018-01-13,25.75
1,41,2018-01-13,18.9
1,42,2018-01-13,29.0
1,43,2018-01-13,41.87
1,44,2018-01-13,24.61
1,45,2018-01-13,63.88
1,46,2018-01-13,50.05
1,47,2018-01-13,17.17
1,48,2018-01-13,44.24
1,49,2018-01-13,25.03
1,50,2018-01-13,55.49
2,1,2018-01-13,25.42
2,2,2018-01-13,66.66
2,3,2018-01-13,41.46
2,4,2018-01-13,27.16
2,5,2018-01-13,20.91
2,6,2018-01-13,63.68
2,7,2018-01-13,67.1
2,8,2018-01-13,81.38
2,9,2018-01-13,60.23
2,10,2018-01-13,81.03
2,11,2018-01-13,79.29
2,12,2018-01-13,80.61
2,13,2018-01-13,94.85
2,14,2018-01-13,66.35
2,15,2018-01-13,102.21
2,16,2018-01-13,27.8
2,17,2018-01-13,37.06
2,18,2018-01-13,90.33
2,19,2018-01-13,45.2
2,20,2018-01-13,51.93
2,21,2018-01-13,45.37
2,22,2018-01-13,87.21
2,23,2018-01-13,36.13
2,24,2018-01-13,71.99
2,25,2018-01-13,87.71
2,26,2018-01-13,59.68
2,27,2018-01-13,26.9
2,28,2018-01-13,95.49
2,29,2018-01-13,79.16
2,30,2018-01-13,47.12
2,31,2018-01-13,66.19
2,32,2018-01-13,54.97
2,33,2018-01-13,75.72
2,34,2018-01-13,29.59
2,35,2018-01-13,73.65
2,36,2018-01-13,83.32
2,37,2018-01-13,32.68
2,38,2018-01-13,88.0
2,39,2018-01-13,49.72
2,40,2018-01-13,35.28
2,41,2018-01-13,25.24
2,42,2018-01-13,45.74
2,43,2018-01-13,60.82
2,44,2018-01-13,32.39
2,45,2018-01-13,90.39
2,46,2018-01-13,67.2
2,47,2018-01-13,25.17
2,48,2018-01-13,57.7
2,49,2018-01-13,35.22
2,50,2018-01-13,68.34
3,1,2018-01-13,21.84
3,2,2018-01-13,63.27
3,3,2018-01-13,35.56
3,4,2018-01-13,21.34
3,5,2018-01-13,19.76
3,6,2018-01-13,58.97
3,7,2018-01-13,61.6
3,8,2018-01-13,74.45
3,9,2018-01-13,54.53
3,10,2018-01-13,73.65
3,11,2018-01-13,74.13
3,12,2018-01-13,72.21
3,13,2018-01-13,85.6
3,14,2018-01-13,62.63
3,15,2018-01-13,87.97
3,16,2018-01-13,30.17
3,17,2018-01-13,34.08
3,18,2018-01-13,84.9
3,19,2018-01-13,40.15
3,20,2018-01-13,48.56
3,21,2018-01-13,44.65
3,22,2018-01-13,81.65
3,23,2018-01-13,34.38
3,24,2018-01-13,79.58
3,25,2018-01-13,80.73
3,26,2018-01-13,50.31
3,27,2018-01-13,24.77
3,28,2018-01-13,85.46
3,29,2018-01-13,72.44
3,30,2018-01-13,44.62
3,31,2018-01-13,59.56
3,32,2018-01-13,49.58
3,33,2018-01-13,70.36
3,34,2018-01-13,29.78
3,35,2018-01-13,69.29
3,36,2018-01-13,81.09
3,37,2018-01-13,31.05
3,38,2018-01-13,81.14
3,39,2018-01-13,48.76
3,40,2018-01-13,31.31
3,41,2018-01-13,23.32
3,42,2018-01-13,38.57
3,43,2018-01-13,47.78
3,44,2018-01-13,30.12
3,45,2018-01-13,83.69
3,46,2018-01-13,60.69
3,47,2018-01-13,21.9
3,48,2018-01-13,54.01
3,49,2018-01-13,33.85
3,50,2018-01-13,65.31
4,1,2018-01-13,20.97
4,2,2018-01-13,52.36
4,3,2018-01-13,40.25
4,4,2018-01-13,23.55
4,5,2018-01-13,19.36
4,6,2018-01-13,53.66
4,7,2018-01-13,54.25
4,8,2018-01-13,70.92
4,9,2018-01-13,48.58
4,10,2018-01-13,66.84
4,11,2018-01-13,69.86
4,12,2018-01-13,69.71
4,13,2018-01-13,79.66
4,14,2018-01-13,55.71
4,15,2018-01-13,81.06
4,16,2018-01-13,23.43
4,17,2018-01-13,28.64
4,18,2018-01-13,81.68
4,19,2018-01-13,40.88
4,20,2018-01-13,44.19
4,21,2018-01-13,39.9
4,22,2018-01-13,76.78
4,23,2018-01-13,26.69
4,24,2018-01-13,60.74
4,25,2018-01-13,78.8
4,26,2018-01-13,44.11
4,27,2018-01-13,21.57
4,28,2018-01-13,79.85
4,29,2018-01-13,65.03
4,30,2018-01-13,39.27
4,31,2018-01-13,59.63
4,32,2018-01-13,42.69
4,33,2018-01-13,65.94
4,34,2018-01-13,27.61
4,35,2018-01-13,56.89
4,36,2018-01-13,73.12
4,37,2018-01-13,28.62
4,38,2018-01-13,72.78
4,39,2018-01-13,43.25
4,40,2018-01-13,27.52
4,41,2018-01-13,22.73
4,42,2018-01-13,34.85
4,43,2018-01-13,47.76
4,44,2018-01-13,29.78
4,45,2018-01-13,73.46
4,46,2018-01-13,56.28
4,47,2018-01-13,22.64
4,48,2018-01-13,49.79
4,49,2018-01-13,28.0
4,50,2018-01-13,61.3
5,1,2018-01-13,16.52
5,2,2018-01-13,38.76
5,3,2018-01-13,26.35
5,4,2018-01-13,14.12
5,5,2018-01-13,11.94
5,6,2018-01-13,39.26
5,7,2018-01-13,39.75
5,8,2018-01-13,54.4
5,9,2018-01-13,37.41
5,10,2018-01-13,50.21
5,11,2018-01-13,50.2
5,12,2018-01-13,47.11
5,13,2018-01-13,55.86
5,14,2018-01-13,48.1
5,15,2018-01-13,63.85
5,16,2018-01-13,16.61
5,17,2018-01-13,20.54
5,18,2018-01-13,57.6
5,19,2018-01-13,28.25
5,20,2018-01-13,32.16
5,21,2018-01-13,26.22
5,22,2018-01-13,53.72
5,23,2018-01-13,19.2
5,24,2018-01-13,43.68
5,25,2018-01-13,55.95
5,26,2018-01-13,30.8
5,27,2018-01-13,16.28
5,28,2018-01-13,64.85
5,29,2018-01-13,47.64
5,30,2018-01-13,29.22
5,31,2018-01-13,40.32
5,32,2018-01-13,30.64
5,33,2018-01-13,44.24
5,34,2018-01-13,17.5
5,35,2018-01-13,46.79
5,36,2018-01-13,53.22
5,37,2018-01-13,21.2
5,38,2018-01-13,56.25
5,39,2018-01-13,30.75
5,40,2018-01-13,17.89
5,41,2018-01-13,14.92
5,42,2018-01-13,24.97
5,43,2018-01-13,36.07
5,44,2018-01-13,20.75
5,45,2018-01-13,54.36
5,46,2018-01-13,44.16
5,47,2018-01-13,15.1
5,48,2018-01-13,38.84
5,49,2018-01-13,18.94
5,50,2018-01-13,45.36
6,1,2018-01-13,12.63
6,2,2018-01-13,42.56
6,3,2018-01-13,26.75
6,4,2018-01-13,14.48
6,5,2018-01-13,11.88
6,6,2018-01-13,38.45
6,7,2018-01-13,40.9
6,8,2018-01-13,52.78
6,9,2018-01-13,41.93
6,10,2018-01-13,50.77
6,11,2018-01-13,49.97
6,12,2018-01-13,50.0
6,13,2018-01-13,59.56
6,14,2018-01-13,38.67
6,15,2018-01-13,59.89
6,16,2018-01-13,19.18
6,17,2018-01-13,22.07
6,18,2018-01-13,57.29
6,19,2018-01-13,28.16
6,20,2018-01-13,33.15
6,21,2018-01-13,28.44
6,22,2018-01-13,51.73
6,23,2018-01-13,20.99
6,24,2018-01-13,46.12
6,25,2018-01-13,55.76
6,26,2018-01-13,33.53
6,27,2018-01-13,15.08
6,28,2018-01-13,62.53
6,29,2018-01-13,46.07
6,30,2018-01-13,27.72
6,31,2018-01-13,37.5
6,32,2018-01-13,30.66
6,33,2018-01-13,48.99
6,34,2018-01-13,18.37
6,35,2018-01-13,46.37
6,36,2018-01-13,50.25
6,37,2018-01-13,19.69
6,38,2018-01-13,57.16
6,39,2018-01-13,28.67
6,40,2018-01-13,21.8
6,41,2018-01-13,16.46
6,42,2018-01-13,24.28
6,43,2018-01-13,34.76
6,44,2018-01-13,19.98
6,45,2018-01-13,53.75
6,46,2018-01-13,41.52
6,47,2018-01-13,15.1
6,48,2018-01-13,34.39
6,49,2018-01-13,20.57
6,50,2018-01-13,46.86
7,1,2018-01-13,14.45
7,2,2018-01-13,33.92
7,3,2018-01-13,22.54
7,4,2018-01-13,13.8
7,5,2018-01-13,11.19
7,6,2018-01-13,37.47
7,7,2018-01-13,40.75
7,8,2018-01-13,49.87
7,9,2018-01-13,31.43
7,10,2018-01-13,47.18
7,11,2018-01-13,43.98
7,12,2018-01-13,46.53
7,13,2018-01-13,54.29
7,14,2018-01-13,38.88
7,15,2018-01-13,53.99
7,16,2018-01-13,15.38
7,17,2018-01-13,21.35
7,18,2018-01-13,52.62
7,19,2018-01-13,25.1
7,20,2018-01-13,27.78
7,21,2018-01-13,26.91
7,22,2018-01-13,51.78
7,23,2018-01-13,16.5
7,24,2018-01-13,43.61
7,25,2018-01-13,51.15
7,26,2018-01-13,28.82
7,27,2018-01-13,13.42
7,28,2018-01-13,55.08
7,29,2018-01-13,48.35
7,30,2018-01-13,25.76
7,31,2018-01-13,38.02
7,32,2018-01-13,28.04
7,33,2018-01-13,44.88
7,34,2018-01-13,18.29
7,35,2018-01-13,41.64
7,36,2018-01-13,48.13
7,37,2018-01-13,19.08
7,38,2018-01-13,46.77
7,39,2018-01-13,27.33
7,40,2018-01-13,18.08
7,41,2018-01-13,12.45
7,42,2018-01-13,21.53
7,43,2018-01-13,35.73
7,44,2018-01-13,18.65
7,45,2018-01-13,50.06
7,46,2018-01-13,34.78
7,47,2018-01-13,13.9
7,48,2018-01-13,33.98
7,49,2018-01-13,18.7
7,50,2018-01-13,41.99
8,1,2018-01-13,24.76
8,2,2018-01-13,66.38
8,3,2018-01-13,43.22
8,4,2018-01-13,23.49
8,5,2018-01-13,22.01
8,6,2018-01-13,63.49
8,7,2018-01-13,64.63
8,8,2018-01-13,80.09
8,9,2018-01-13,58.68
8,10,2018-01-13,75.3
8,11,2018-01-13,72.77
8,12,2018-01-13,77.81
8,13,2018-01-13,89.14
8,14,2018-01-13,64.14
8,15,2018-01-13,98.37
8,16,2018-01-13,26.07
8,17,2018-01-13,35.85
8,18,2018-01-13,88.2
8,19,2018-01-13,47.76
8,20,2018-01-13,53.05
8,21,2018-01-13,47.78
8,22,2018-01-13,84.76
8,23,2018-01-13,33.72
8,24,2018-01-13,76.19
8,25,2018-01-13,86.84
8,26,2018-01-13,52.6
8,27,2018-01-13,25.31
8,28,2018-01-13,89.1
8,29,2018-01-13,77.77
8,30,2018-01-13,41.22
8,31,2018-01-13,66.09
8,32,2018-01-13,48.06
8,33,2018-01-13,72.75
8,34,2018-01-13,34.8
8,35,2018-01-13,72.39
8,36,2018-01-13,82.46
8,37,2018-01-13,33.87
8,38,2018-01-13,87.89
8,39,2018-01-13,52.56
8,40,2018-01-13,30.73
8,41,2018-01-13,25.33
8,42,2018-01-13,39.59
8,43,2018-01-13,54.54
8,44,2018-01-13,31.9
8,45,2018-01-13,84.88
8,46,2018-01-13,65.73
8,47,2018-01-13,24.84
8,48,2018-01-13,57.32
8,49,2018-01-13,33.77
8,50,2018-01-13,67.87
9,1,2018-01-13,21.44
9,2,2018-01-13,56.71
9,3,2018-01-13,34.39
9,4,2018-01-13,19.87
9,5,2018-01-13,19.88
9,6,2018-01-13,54.62
9,7,2018-01-13,58.25
9,8,2018-01-13,74.76
9,9,2018-01-13,50.13
9,10,2018-01-13,68.43
9,11,2018-01-13,70.5
9,12,2018-01-13,65.52
9,13,2018-01-13,80.8
9,14,2018-01-13,53.03
9,15,2018-01-13,80.13
9,16,2018-01-13,23.54
9,17,2018-01-13,31.27
9,18,2018-01-13,77.25
9,19,2018-01-13,41.54
9,20,2018-01-13,44.75
9,21,2018-01-13,37.08
9,22,2018-01-13,74.22
9,23,2018-01-13,26.8
9,24,2018-01-13,65.26
9,25,2018-01-13,77.18
9,26,2018-01-13,44.93
9,27,2018-01-13,21.47
9,28,2018-01-13,80.96
9,29,2018-01-13,68.89
9,30,2018-01-13,40.39
9,31,2018-01-13,56.77
9,32,2018-01-13,43.84
9,33,2018-01-13,62.91
9,34,2018-01-13,22.67
9,35,2018-01-13,67.1
9,36,2018-01-13,74.16
9,37,2018-01-13,30.04
9,38,2018-01-13,73.8
9,39,2018-01-13,43.86
9,40,2018-01-13,26.65
9,41,2018-01-13,19.85
9,42,2018-01-13,34.12
9,43,2018-01-13,52.09
9,44,2018-01-13,27.08
9,45,2018-01-13,72.35
9,46,2018-01-13,52.53
9,47,2018-01-13,22.21
9,48,2018-01-13,48.49
9,49,2018-01-13,28.75
9,50,2018-01-13,60.43
10,1,2018-01-13,22.19
10,2,2018-01-13,55.21
10,3,2018-01-13,35.05
10,4,2018-01-13,20.58
10,5,2018-01-13,20.18
10,6,2018-01-13,56.38
10,7,2018-01-13,58.98
10,8,2018-01-13,77.55
10,9,2018-01-13,51.59
10,10,2018-01-13,72.8
10,11,2018-01-13,71.1
10,12,2018-01-13,71.12
10,13,2018-01-13,83.36
10,14,2018-01-13,58.3
10,15,2018-01-13,85.48
10,16,2018-01-13,27.88
10,17,2018-01-13,34.81
10,18,2018-01-13,81.57
10,19,2018-01-13,38.56
10,20,2018-01-13,46.56
10,21,2018-01-13,41.59
10,22,2018-01-13,79.06
10,23,2018-01-13,32.36
10,24,2018-01-13,69.28
10,25,2018-01-13,79.16
10,26,2018-01-13,50.05
10,27,2018-01-13,24.38
10,28,2018-01-13,84.21
10,29,2018-01-13,71.89
10,30,2018-01-13,39.02
10,31,2018-01-13,58.1
10,32,2018-01-13,41.22
10,33,2018-01-13,68.84
10,34,2018-01-13,24.14
10,35,2018-01-13,64.14
10,36,2018-01-13,79.59
10,37,2018-01-13,30.76
10,38,2018-01-13,78.1
10,39,2018-01-13,43.32
10,40,2018-01-13,30.09
10,41,2018-01-13,22.79
10,42,2018-01-13,37.19
10,43,2018-01-13,52.95
10,44,2018-01-13,30.09
10,45,2018-01-13,79.51
10,46,2018-01-13,59.91
10,47,2018-01-13,19.79
10,48,2018-01-13,51.25
10,49,2018-01-13,31.86
10,50,2018-01-13,66.07
1,1,2018-01-14,19.69
1,2,2018-01-14,52.63
1,3,2018-01-14,30.82
1,4,2018-01-14,18.27
1,5,2018-01-14,16.56
1,6,2018-01-14,51.39
1,7,2018-01-14,52.99
1,8,2018-01-14,65.44
1,9,2018-01-14,46.6
1,10,2018-01-14,66.87
1,11,2018-01-14,58.59
1,12,2018-01-14,59.24
1,13,2018-01-14,69.31
1,14,2018-01-14,49.71
1,15,2018-01-14,72.49
1,16,2018-01-14,25.08
1,17,2018-01-14,29.4
1,18,2018-01-14,71.55
1,19,2018-01-14,34.51
1,20,2018-01-14,44.21
1,21,2018-01-14,33.52
1,22,2018-01-14,68.94
1,23,2018-01-14,26.64
1,24,2018-01-14,54.95
1,25,2018-01-14,71.5
1,26,2018-01-14,45.54
1,27,2018-01-14,18.79
1,28,2018-01-14,71.85
1,29,2018-01-14,58.85
1,30,2018-01-14,33.5
1,31,2018-01-14,47.5
1,32,2018-01-14,37.75
1,33,2018-01-14,60.41
1,34,2018-01-14,25.43
1,35,2018-01-14,57.91
1,36,2018-01-14,67.21
1,37,2018-01-14,21.84
1,38,2018-01-14,71.69
1,39,2018-01-14,39.81
1,40,2018-01-14,28.02
1,41,2018-01-14,21.27
1,42,2018-01-14,27.39
1,43,2018-01-14,43.74
1,44,2018-01-14,26.58
1,45,2018-01-14,70.08
1,46,2018-01-14,54.07
1,47,2018-01-14,17.79
1,48,2018-01-14,44.56
1,49,2018-01-14,26.37
1,50,2018-01-14,56.29
2,1,2018-01-14,26.87
2,2,2018-01-14,68.8
2,3,2018-01-14,45.4
2,4,2018-01-14,27.72
2,5,2018-01-14,21.34
2,6,2018-01-14,66.91
2,7,2018-01-14,71.42
2,8,2018-01-14,85.32
2,9,2018-01-14,63.64
2,10,2018-01-14,87.67
2,11,2018-01-14,82.66
2,12,2018-01-14,83.45
2,13,2018-01-14,97.95
2,14,2018-01-14,71.51
2,15,2018-01-14,101.1
2,16,2018-01-14,30.04
2,17,2018-01-14,39.7
2,18,2018-01-14,93.94
2,19,2018-01-14,49.24
2,20,2018-01-14,54.52
2,21,2018-01-14,46.58
2,22,2018-01-14,95.55
2,23,2018-01-14,38.11
2,24,2018-01-14,74.19
2,25,2018-01-14,97.92
2,26,2018-01-14,62.18
2,27,2018-01-14,28.84
2,28,2018-01-14,96.77
2,29,2018-01-14,85.05
2,30,2018-01-14,49.06
2,31,2018-01-14,69.32
2,32,2018-01-14,57.11
2,33,2018-01-14,81.26
2,34,2018-01-14,30.44
2,35,2018-01-14,77.72
2,36,2018-01-14,86.24
2,37,2018-01-14,33.95
2,38,2018-01-14,92.71
2,39,2018-01-14,51.61
2,40,2018-01-14,39.28
2,41,2018-01-14,27.7
2,42,2018-01-14,49.43
2,43,2018-01-14,62.7
2,44,2018-01-14,33.65
2,45,2018-01-14,94.42
2,46,2018-01-14,72.31
2,47,2018-01-14,27.34
2,48,2018-01-14,60.98
2,49,2018-01-14,37.93
2,50,2018-01-14,72.38
3,1,2018-01-14,22.19
3,2,2018-01-14,62.43
3,3,2018-01-14,39.0
3,4,2018-01-14,23.4
3,5,2018-01-14,20.55
3,6,2018-01-14,60.53
3,7,2018-01-14,63.25
3,8,2018-01-14,82.56
3,9,2018-01-14,56.58
3,10,2018-01-14,75.44
3,11,2018-01-14,74.98
3,12,2018-01-14,73.51
3,13,2018-01-14,90.08
3,14,2018-01-14,66.54
3,15,2018-01-14,89.59
3,16,2018-01-14,31.64
3,17,2018-01-14,37.06
3,18,2018-01-14,90.73
3,19,2018-01-14,44.08
3,20,2018-01-14,50.12
3,21,2018-01-14,45.83
3,22,2018-01-14,82.42
3,23,2018-01-14,34.0
3,24,2018-01-14,79.93
3,25,2018-01-14,82.51
3,26,2018-01-14,51.51
3,27,2018-01-14,27.31
3,28,2018-01-14,87.92
3,29,2018-01-14,77.58
3,30,2018-01-14,48.03
3,31,2018-01-14,63.84
3,32,2018-01-14,51.11
3,33,2018-01-14,77.63
3,34,2018-01-14,31.6
3,35,2018-01-14,74.25
3,36,2018-01-14,85.23
3,37,2018-01-14,33.51
3,38,2018-01-14,86.94
3,39,2018-01-14,47.68
3,40,2018-01-14,35.03
3,41,2018-01-14,25.02
3,42,2018-01-14,41.38
3,43,2018-01-14,51.08
3,44,2018-01-14,33.31
3,45,2018-01-14,84.37
3,46,2018-01-14,63.93
3,47,2018-01-14,24.22
3,48,2018-01-14,56.96
3,49,2018-01-14,32.24
3,50,2018-01-14,69.05
4,1,2018-01-14,21.5
4,2,2018-01-14,55.05
4,3,2018-01-14,40.91
4,4,2018-01-14,24.08
4,5,2018-01-14,19.98
4,6,2018-01-14,59.3
4,7,2018-01-14,58.04
4,8,2018-01-14,73.01
4,9,2018-01-14,51.8
4,10,2018-01-14,69.74
4,11,2018-01-14,73.55
4,12,2018-01-14,72.89
4,13,2018-01-14,83.24
4,14,2018-01-14,59.46
4,15,2018-01-14,89.01
4,16,2018-01-14,24.76
4,17,2018-01-14,30.58
4,18,2018-01-14,83.28
4,19,2018-01-14,42.23
4,20,2018-01-14,49.12
4,21,2018-01-14,44.46
4,22,2018-01-14,80.52
4,23,2018-01-14,28.87
4,24,2018-01-14,61.82
4,25,2018-01-14,85.15
4,26,2018-01-14,46.76
4,27,2018-01-14,22.46
4,28,2018-01-14,86.85
4,29,2018-01-14,68.11
4,30,2018-01-14,41.34
4,31,2018-01-14,61.53
4,32,2018-01-14,45.98
4,33,2018-01-14,69.47
4,34,2018-01-14,28.23
4,35,2018-01-14,60.98
4,36,2018-01-14,76.63
4,37,2018-01-14,30.46
4,38,2018-01-14,77.08
4,39,2018-01-14,45.0
4,40,2018-01-14,28.72
4,41,2018-01-14,24.56
4,42,2018-01-14,37.12
4,43,2018-01-14,50.0
4,44,2018-01-14,31.99
4,45,2018-01-14,78.35
4,46,2018-01-14,58.02
4,47,2018-01-14,24.73
4,48,2018-01-14,51.68
4,49,2018-01-14,29.23
4,50,2018-01-14,65.11
5,1,2018-01-14,17.17
5,2,2018-01-14,41.94
5,3,2018-01-14,28.24
5,4,2018-01-14,14.49
5,5,2018-01-14,13.85
5,6,2018-01-14,42.28
5,7,2018-01-14,42.68
5,8,2018-01-14,56.37
5,9,2018-01-14,39.94
5,10,2018-01-14,54.25
5,11,2018-01-14,51.59
5,12,2018-01-14,48.55
5,13,2018-01-14,58.27
5,14,2018-01-14,50.16
5,15,2018-01-14,66.87
5,16,2018-01-14,20.08
5,17,2018-01-14,22.44
5,18,2018-01-14,65.17
5,19,2018-01-14,28.55
5,20,2018-01-14,33.87
5,21,2018-01-14,26.37
5,22,2018-01-14,56.25
5,23,2018-01-14,19.54
5,24,2018-01-14,45.91
5,25,2018-01-14,59.99
5,26,2018-01-14,32.38
5,27,2018-01-14,16.5
5,28,2018-01-14,68.22
5,29,2018-01-14,51.43
5,30,2018-01-14,31.83
5,31,2018-01-14,43.48
5,32,2018-01-14,30.96
5,33,2018-01-14,47.63
5,34,2018-01-14,18.59
5,35,2018-01-14,47.86
5,36,2018-01-14,54.68
5,37,2018-01-14,19.29
5,38,2018-01-14,61.65
5,39,2018-01-14,30.76
5,40,2018-01-14,20.96
5,41,2018-01-14,15.77
5,42,2018-01-14,26.07
5,43,2018-01-14,36.7
5,44,2018-01-14,21.65
5,45,2018-01-14,55.97
5,46,2018-01-14,42.54
5,47,2018-01-14,17.34
5,48,2018-01-14,40.1
5,49,2018-01-14,19.72
5,50,2018-01-14,45.39
6,1,2018-01-14,16.36
6,2,2018-01-14,44.44
6,3,2018-01-14,26.92
6,4,2018-01-14,14.37
6,5,2018-01-14,13.62
6,6,2018-01-14,42.58
6,7,2018-01-14,45.19
6,8,2018-01-14,55.28
6,9,2018-01-14,44.23
6,10,2018-01-14,54.84
6,11,2018-01-14,50.66
6,12,2018-01-14,50.64
6,13,2018-01-14,61.53
6,14,2018-01-14,39.99
6,15,2018-01-14,63.31
6,16,2018-01-14,19.46
6,17,2018-01-14,23.67
6,18,2018-01-14,61.49
6,19,2018-01-14,29.06
6,20,2018-01-14,38.34
6,21,2018-01-14,31.76
6,22,2018-01-14,57.68
6,23,2018-01-14,22.21
6,24,2018-01-14,46.08
6,25,2018-01-14,60.51
6,26,2018-01-14,36.89
6,27,2018-01-14,16.6
6,28,2018-01-14,62.25
6,29,2018-01-14,46.64
6,30,2018-01-14,28.83
6,31,2018-01-14,41.54
6,32,2018-01-14,33.02
6,33,2018-01-14,51.34
6,34,2018-01-14,19.77
6,35,2018-01-14,49.27
6,36,2018-01-14,55.43
6,37,2018-01-14,21.99
6,38,2018-01-14,57.95
6,39,2018-01-14,30.32
6,40,2018-01-14,21.46
6,41,2018-01-14,18.73
6,42,2018-01-14,27.44
6,43,2018-01-14,37.46
6,44,2018-01-14,21.45
6,45,2018-01-14,56.92
6,46,2018-01-14,44.72
6,47,2018-01-14,18.27
6,48,2018-01-14,35.66
6,49,2018-01-14,20.98
6,50,2018-01-14,50.72
7,1,2018-01-14,15.01
7,2,2018-01-14,36.43
7,3,2018-01-14,23.35
7,4,2018-01-14,13.43
7,5,2018-01-14,11.67
7,6,2018-01-14,40.66
7,7,2018-01-14,42.5
7,8,2018-01-14,51.79
7,9,2018-01-14,33.36
7,10,2018-01-14,50.71
7,11,2018-01-14,45.49
7,12,2018-01-14,49.05
7,13,2018-01-14,54.84
7,14,2018-01-14,40.16
7,15,2018-01-14,54.76
7,16,2018-01-14,18.48
7,17,2018-01-14,23.61
7,18,2018-01-14,56.64
7,19,2018-01-14,27.98
7,20,2018-01-14,31.72
7,21,2018-01-14,28.15
7,22,2018-01-14,55.46
7,23,2018-01-14,16.41
7,24,2018-01-14,45.64
7,25,2018-01-14,52.92
7,26,2018-01-14,30.23
7,27,2018-01-14,12.98
7,28,2018-01-14,56.93
7,29,2018-01-14,49.07
7,30,2018-01-14,29.62
7,31,2018-01-14,39.45
7,32,2018-01-14,29.86
7,33,2018-01-14,50.31
7,34,2018-01-14,17.94
7,35,2018-01-14,47.21
7,36,2018-01-14,51.78
7,37,2018-01-14,18.79
7,38,2018-01-14,49.62
7,39,2018-01-14,28.26
7,40,2018-01-14,18.48
7,41,2018-01-14,15.78
7,42,2018-01-14,22.32
7,43,2018-01-14,35.81
7,44,2018-01-14,20.02
7,45,2018-01-14,52.75
7,46,2018-01-14,36.62
7,47,2018-01-14,13.15
7,48,2018-01-14,35.31
7,49,2018-01-14,17.32
7,50,2018-01-14,44.68
8,1,2018-01-14,25.73
8,2,2018-01-14,69.84
8,3,2018-01-14,47.04
8,4,2018-01-14,23.6
8,5,2018-01-14,23.5
8,6,2018-01-14,68.62
8,7,2018-01-14,67.43
8,8,2018-01-14,84.51
8,9,2018-01-14,60.88
8,10,2018-01-14,79.33
8,11,2018-01-14,79.18
8,12,2018-01-14,75.7
8,13,2018-01-14,91.37
8,14,2018-01-14,68.05
8,15,2018-01-14,99.58
8,16,2018-01-14,29.2
8,17,2018-01-14,40.69
8,18,2018-01-14,95.21
8,19,2018-01-14,49.59
8,20,2018-01-14,55.22
8,21,2018-01-14,50.16
8,22,2018-01-14,91.98
8,23,2018-01-14,37.66
8,24,2018-01-14,79.01
8,25,2018-01-14,90.37
8,26,2018-01-14,53.66
8,27,2018-01-14,27.04
8,28,2018-01-14,92.21
8,29,2018-01-14,77.87
8,30,2018-01-14,41.99
8,31,2018-01-14,68.34
8,32,2018-01-14,50.71
8,33,2018-01-14,80.28
8,34,2018-01-14,37.29
8,35,2018-01-14,77.42
8,36,2018-01-14,86.0
8,37,2018-01-14,37.36
8,38,2018-01-14,87.47
8,39,2018-01-14,52.12
8,40,2018-01-14,35.33
8,41,2018-01-14,30.53
8,42,2018-01-14,43.68
8,43,2018-01-14,59.1
8,44,2018-01-14,34.43
8,45,2018-01-14,86.89
8,46,2018-01-14,69.51
8,47,2018-01-14,26.6
8,48,2018-01-14,60.63
8,49,2018-01-14,36.61
8,50,2018-01-14,71.72
9,1,2018-01-14,21.59
9,2,2018-01-14,61.37
9,3,2018-01-14,38.01
9,4,2018-01-14,21.38
9,5,2018-01-14,19.8
9,6,2018-01-14,57.85
9,7,2018-01-14,61.58
9,8,2018-01-14,75.61
9,9,2018-01-14,53.77
9,10,2018-01-14,72.87
9,11,2018-01-14,76.71
9,12,2018-01-14,69.51
9,13,2018-01-14,83.16
9,14,2018-01-14,60.62
9,15,2018-01-14,84.39
9,16,2018-01-14,25.69
9,17,2018-01-14,31.99
9,18,2018-01-14,82.36
9,19,2018-01-14,45.25
9,20,2018-01-14,48.55
9,21,2018-01-14,41.35
9,22,2018-01-14,81.47
9,23,2018-01-14,32.64
9,24,2018-01-14,67.8
9,25,2018-01-14,81.09
9,26,2018-01-14,48.73
9,27,2018-01-14,22.41
9,28,2018-01-14,85.6
9,29,2018-01-14,74.13
9,30,2018-01-14,40.5
9,31,2018-01-14,62.47
9,32,2018-01-14,43.75
9,33,2018-01-14,69.25
9,34,2018-01-14,24.36
9,35,2018-01-14,68.86
9,36,2018-01-14,76.28
9,37,2018-01-14,30.8
9,38,2018-01-14,78.25
9,39,2018-01-14,45.82
9,40,2018-01-14,28.15
9,41,2018-01-14,21.67
9,42,2018-01-14,37.89
9,43,2018-01-14,55.17
9,44,2018-01-14,28.06
9,45,2018-01-14,80.65
9,46,2018-01-14,59.62
9,47,2018-01-14,23.27
9,48,2018-01-14,49.34
9,49,2018-01-14,28.9
9,50,2018-01-14,65.2
10,1,2018-01-14,23.86
10,2,2018-01-14,61.24
10,3,2018-01-14,38.59
10,4,2018-01-14,24.08
10,5,2018-01-14,21.01
10,6,2018-01-14,62.53
10,7,2018-01-14,60.41
10,8,2018-01-14,78.82
10,9,2018-01-14,53.66
10,10,2018-01-14,72.89
10,11,2018-01-14,75.07
10,12,2018-01-14,75.93
10,13,2018-01-14,87.46
10,14,2018-01-14,60.91
10,15,2018-01-14,88.79
10,16,2018-01-14,27.53
10,17,2018-01-14,37.34
10,18,2018-01-14,85.64
10,19,2018-01-14,44.15
10,20,2018-01-14,50.38
10,21,2018-01-14,43.69
10,22,2018-01-14,85.56
10,23,2018-01-14,35.3
10,24,2018-01-14,67.74
10,25,2018-01-14,84.75
10,26,2018-01-14,50.82
10,27,2018-01-14,24.65
10,28,2018-01-14,89.26
10,29,2018-01-14,77.71
10,30,2018-01-14,41.01
10,31,2018-01-14,62.11
10,32,2018-01-14,42.75
10,33,2018-01-14,72.39
10,34,2018-01-14,26.76
10,35,2018-01-14,69.5
10,36,2018-01-14,80.67
10,37,2018-01-14,33.03
10,38,2018-01-14,81.54
10,39,2018-01-14,46.13
10,40,2018-01-14,32.15
10,41,2018-01-14,23.37
10,42,2018-01-14,39.39
10,43,2018-01-14,54.4
10,44,2018-01-14,32.58
10,45,2018-01-14,83.64
10,46,2018-01-14,59.76
10,47,2018-01-14,22.0
10,48,2018-01-14,53.31
10,49,2018-01-14,34.86
10,50,2018-01-14,70.63
